#,Song,Artist,Popularity,BPM,Genres,Parent Genres,Album,Album Date,Time,Dance,Energy,Acoustic,Instrumental,Happy,Speech,Live,Loud,Key,Time Signature,Added At,Spotify Track Id,Album Label,Camelot,"Spotify Track Img","Song Preview"
1,"Dynamite","Taio Cruz",73,120,"dance pop, pop, pop rap","Pop, Hip Hop","Rokstarr",2010-01-01,03:23,75,80,0,0,82,0,0,-3,E Major,4,2024-04-29,1DqdF42leyFIzqNDv9CjId,"Universal-Island Records Ltd.",12B,,https://i.scdn.co/image/ab67616d00004851a9006ae892a2255a865c0f7a
2,"Hey Ya!","Outkast",84,80,"atl hip hop, dirty south rap, hip hop, old school atlanta hip hop, rap, southern hip hop","Hip Hop","Speakerboxxx/The Love Below",2003-00-00,03:55,73,97,10,0,97,0,10,-2,E Minor,4,2024-04-29,2PpruBYCo4H7WOBJ7Q2EwM,"Arista",9A,https://p.scdn.co/mp3-preview/d24b3c4135ced9157b0ea3015a6bcc048e0c2e3a?cid=0dd13485836e45ac9134860ee53d835f,https://i.scdn.co/image/ab67616d000048516a6387ab37f64034cdc7b367
3,"Cooler Than Me - Single Mix","Mike Posner,Gigamesh",79,130,"dance pop, pop, pop dance, pop rap, filter house, nu disco","Pop, Electronic, R&B, Hip Hop","31 Minutes to Takeoff",2010-08-09,03:33,77,82,18,0,63,0,60,-5,G Minor,4,2024-04-29,2V4bv1fNWfTcyRJKmej6Sj,"J Records",6A,https://p.scdn.co/mp3-preview/649f480a624454b97a73e354568fcfb9214fdd46?cid=0dd13485836e45ac9134860ee53d835f,https://i.scdn.co/image/ab67616d00004851d6165c0d6eba7e5bf3fca16d
4,"Mr. Brightside","The Killers",87,148,"alternative rock, dance rock, modern rock, permanent wave, rock","Rock","Hot Fuss",2004-00-00,03:42,35,91,0,0,24,0,10,-5,C♯/D♭ Major,4,2024-04-29,003vvx7Niy0yvhvHt4a68B,"Island Records",3B,,https://i.scdn.co/image/ab67616d00004851ccdddd46119a4ff53eaf1f5d
5,"Rocketeer","Far East Movement,Ryan Tedder,Ruff Loaderz",67,96,"asian american hip hop, dance pop, pop rap, pop rock, ","Hip Hop, Pop, Rock","Free Wired",2010-01-01,03:31,66,85,18,0,36,0,20,-6,E Minor,4,2024-04-29,45sDIKapDyxPl307QpEAwl,"Interscope",9A,,https://i.scdn.co/image/ab67616d0000485158b08d62231dfca8d358b876
6,"Pumped Up Kicks","Foster The People",86,128,"indietronica, modern alternative rock, modern rock, rock","Pop, Rock","Torches",2011-05-23,03:59,73,71,14,12,97,0,10,-6,F Minor,4,2024-04-29,7w87IxuO7BDcJ3YUqCyMTT,"Columbia",4A,https://p.scdn.co/mp3-preview/2213bf4173a9b50a807a30121ed6b559a7778209?cid=0dd13485836e45ac9134860ee53d835f,https://i.scdn.co/image/ab67616d00004851121d5f92cf90576907dfb1e5
7,"Break Your Heart","Taio Cruz,Ludacris",70,122,"dance pop, pop, pop rap, atl hip hop, dirty south rap, hip hop, old school atlanta hip hop, rap, southern hip hop, trap","Hip Hop, Pop","Rokstarr",2010-01-01,03:06,67,90,0,0,63,0,0,-5,G#/A♭ Major,4,2024-04-29,1CdqVF1ywD0ZO1zXtB9yWa,"Universal-Island Records Ltd.",4B,,https://i.scdn.co/image/ab67616d00004851a9006ae892a2255a865c0f7a
8,"Somebody That I Used To Know","Gotye,Kimbra",77,129,"australian pop, bergen indie, electropop, nz pop","Pop, Electronic","Making Mirrors",2011-01-01,04:04,86,50,59,0,72,0,10,-7,C Major,4,2024-04-29,4wCmqSrbyCgxEXROQE6vtV,"Samples & Seconds / Republic",8B,,https://i.scdn.co/image/ab67616d00004851e1d47c00ddecbfb810c807ed
9,"Blame (feat. John Newman)","Calvin Harris,John Newman",81,128,"dance pop, edm, electro house, house, pop, pop dance, progressive house, uk dance","Pop, Electronic","Motion",2014-10-31,03:32,41,86,3,1,35,0,30,-4,C Minor,4,2024-04-29,07nH4ifBxUB4lZcsf44Brn,"Columbia",5A,https://p.scdn.co/mp3-preview/31297ae5e2f5524fe28b18ed71abc79683c66a88?cid=0dd13485836e45ac9134860ee53d835f,https://i.scdn.co/image/ab67616d00004851063c048e9ef6bd021b744756
10,"Just Can’t Get Enough","Black Eyed Peas",80,94,"dance pop, pop, pop rap","Pop, Hip Hop","The Beginning",2010-01-01,03:39,66,63,19,0,26,10,10,-9,C Minor,4,2024-04-29,3JA9Jsuxr4xgHXEawAdCp4,"A&M",5A,,https://i.scdn.co/image/ab67616d000048519efc623f9c64c8efb583b186
11,"Toxic","Britney Spears",85,143,"dance pop, pop","Pop","In The Zone",2003-11-13,03:18,77,84,2,3,92,10,20,-4,F Minor,4,2024-04-29,6I9VzXrHxO9rA9A5euc8Ak,"Jive",4A,https://p.scdn.co/mp3-preview/6de2791f84c1d637a0e24734b6df3997cc742da4?cid=0dd13485836e45ac9134860ee53d835f,https://i.scdn.co/image/ab67616d00004851efc6988972cb04105f002cd4
12,"Runaway (U & I)","Galantis",79,126,"dance pop, edm, pop, pop dance","Pop, Electronic","Pharmacy",2015-06-05,03:47,51,81,1,0,38,0,0,-4,C♯/D♭ Major,4,2024-04-29,46lFttIf5hnUZMGvjK0Wxo,"Big Beat Records/Atlantic",3B,https://p.scdn.co/mp3-preview/07fb66554af09f90798cadd77255c35df6dda8f4?cid=0dd13485836e45ac9134860ee53d835f,https://i.scdn.co/image/ab67616d000048512b517912fd69652ff10d8e11
13,"Kiss Me Thru The Phone","Soulja Boy,Sammie",78,150,"atl hip hop, chicago bop, dance pop, pop rap, rap, southern hip hop, trap, hip pop, r&b, urban contemporary","Hip Hop, Pop, R&B","iSouljaBoyTellem",2008-01-01,03:13,76,71,2,0,80,10,0,-4,G Major,4,2024-04-29,2q4rjDy9WhaN3o9MvDbO21,"Collipark / Interscope",9B,,https://i.scdn.co/image/ab67616d000048516aef62bd0a60aac7df9a9e37
14,"Pocketful of Sunshine","Natasha Bedingfield",77,110,"dance pop, pop, post-teen pop","Pop","Pocketful Of Sunshine",2007-04-27,03:22,72,88,19,0,66,0,0,-4,A Minor,4,2024-04-29,1uigwk5hNV84zRd5YQQRTk,"Epic/Phonogenic",8A,https://p.scdn.co/mp3-preview/5eacff49868206fed1c068e6707315cef0d904fc?cid=0dd13485836e45ac9134860ee53d835f,https://i.scdn.co/image/ab67616d00004851861f87fea3ad0f7b23453780
15,"Everybody Talks","Neon Trees",80,155,"modern rock, neo mellow, pop rock, pov: indie","Rock, Folk/Acoustic, Pop","Picture Show",2012-01-01,02:57,47,92,0,0,73,0,30,-4,G#/A♭ Major,4,2024-04-29,2iUmqdfGZcHIhS3b9E9EWq,"Mercury Records",4B,,https://i.scdn.co/image/ab67616d000048514a6c0376235e5aa44e59d2c2
16,"Die Young","Kesha",80,128,"dance pop, pop","Pop","Warrior (Expanded Edition)",2012-11-30,03:31,71,70,0,0,80,0,20,-5,C♯/D♭ Minor,4,2024-04-29,7EQGXaVSyEDsCWKmUcfpLk,"Kemosabe Records/RCA Records",12A,https://p.scdn.co/mp3-preview/237e17c6319aa02a1fde3ebcd89c5e5e3e03dbf8?cid=0dd13485836e45ac9134860ee53d835f,https://i.scdn.co/image/ab67616d0000485176c5c62197115a22b23ff950
17,"Last Friday Night (T.G.I.F.)","Katy Perry",76,126,"pop","Pop","Teenage Dream",2010-01-01,03:50,65,81,0,0,72,0,60,-4,D#/E♭ Minor,4,2024-04-29,3avYqdwHKEq8beXbeWCKqJ,"Capitol Records",2A,,https://i.scdn.co/image/ab67616d00004851d20c38f295039520d688a888
18,"Summer","Calvin Harris",85,128,"dance pop, edm, electro house, house, pop, pop dance, progressive house, uk dance","Pop, Electronic","Motion",2014-10-31,03:42,60,86,2,2,74,0,10,-4,E Minor,4,2024-04-29,6YUTL4dYpB9xZO5qExPf05,"Columbia",9A,https://p.scdn.co/mp3-preview/a6fc9fe137bd7d0b3377309f8235eddf449866e5?cid=0dd13485836e45ac9134860ee53d835f,https://i.scdn.co/image/ab67616d00004851063c048e9ef6bd021b744756
19,"Lights - Sped Up Version","Ellie Goulding,Speed Radio",70,133,"indietronica, metropopolis, pop, uk pop, sped up","Pop, Electronic","Lights (Sped Up Version)",2022-07-01,03:10,65,84,5,30,80,0,10,-6,A#/B♭ Minor,4,2024-04-29,4TZ2Ub8bZh4LTs06eANDXa,"UMC (Universal Music Catalogue)",3A,,https://i.scdn.co/image/ab67616d00004851bb4cc06a0334303c3684b776
20,"Meet Me Halfway","Black Eyed Peas",72,130,"dance pop, pop, pop rap","Pop, Hip Hop","THE E.N.D. (THE ENERGY NEVER DIES)",2009-01-01,04:44,80,63,0,0,40,0,30,-7,B Minor,4,2024-04-29,6wOYnPq1hPihRepcDClPUw,"Interscope",10A,,https://i.scdn.co/image/ab67616d00004851382514f0114ba8f4a16d5db4
21,"Beautiful Girls","Sean Kingston",80,130,"dance pop, miami hip hop, pop","Pop, Hip Hop","Beautiful Girls",2007-07-23,03:45,76,66,15,0,77,0,20,-6,C♯/D♭ Minor,4,2024-04-29,1hGy2eLcmC8eKx7qr1tOqx,"Epic",12A,https://p.scdn.co/mp3-preview/65d63a1abee5ff1727c1cd5f717a9044d5c24ee7?cid=0dd13485836e45ac9134860ee53d835f,https://i.scdn.co/image/ab67616d000048516a45d20e414fbc456ecea553
22,"Complicated","Avril Lavigne",82,78,"canadian pop, candy pop, dance pop, pop","Pop","Let Go",2002-06-04,04:04,59,78,6,0,43,0,30,-6,F Major,4,2024-04-29,5xEM5hIgJ1jjgcEBfpkt2F,"Arista",7B,https://p.scdn.co/mp3-preview/34657059f6a40050f96e3cbf3d929aa595f5dd60?cid=0dd13485836e45ac9134860ee53d835f,https://i.scdn.co/image/ab67616d00004851f7ec724fbf97a30869d06240
23,"The Way I Are","Timbaland,Keri Hilson,D.O.E.",84,115,"dance pop, pop, pop rap, hip pop, r&b, urban contemporary, ","Pop, Hip Hop, R&B","Shock Value",2007-01-01,02:59,73,81,18,75,77,10,30,-6,D#/E♭ Minor,4,2024-04-29,2bLqfJjuC5syrsgDsZfGmn,"Interscope/Blackground Records",2A,,https://i.scdn.co/image/ab67616d000048514ed674ab91bdc566534f9285
24,"Grenade","Bruno Mars",79,110,"dance pop, pop","Pop","Doo-Wops & Hooligans",2010-10-05,03:42,70,56,15,0,25,0,10,-7,D Minor,4,2024-04-29,2tJulUYLDKOg9XrtVkMgcJ,"Atlantic Records",7A,https://p.scdn.co/mp3-preview/5221be592c832e14506f6304ff1deb6c52ae3fee?cid=0dd13485836e45ac9134860ee53d835f,https://i.scdn.co/image/ab67616d00004851f6b55ca93bd33211227b502b
25,"Habits (Stay High)","Tove Lo",76,110,"dance pop, metropopolis, pop, swedish electropop, swedish pop, swedish synthpop","Pop, Electronic","Queen Of The Clouds",2014-01-01,03:29,73,65,7,0,35,0,0,-4,F Major,4,2024-04-29,14OxJlLdcHNpgsm4DRwDOB,"Universal Music AB",7B,,https://i.scdn.co/image/ab67616d00004851edbdf62135e9112a98bffa0c
26,"Lights - Single Version","Ellie Goulding",63,120,"indietronica, metropopolis, pop, uk pop","Pop, Electronic","Lights",2010-00-00,03:31,68,79,3,5,81,0,10,-6,G#/A♭ Minor,4,2024-04-29,7gUpO6td4OOnu0Lf9vhcIV,"Polydor Records",1A,,https://i.scdn.co/image/ab67616d00004851a992179a520d2eb38fa41e64
27,"This Love","Maroon 5",84,95,"pop","Pop","Songs About Jane: 10th Anniversary Edition",2002-00-00,03:26,71,86,5,0,81,0,0,-5,F Minor,4,2024-04-29,6ECp64rv50XVz93WvxXMGF,"Interscope Records*",4A,,https://i.scdn.co/image/ab67616d0000485192f2d790c6a97b195f66d51e
28,"Give Me Everything (feat. Nayer)","Pitbull,AFROJACK,Ne-Yo,Nayer",86,129,"dance pop, miami hip hop, pop, big room, dutch house, edm, electro house, pop dance, r&b, urban contemporary, deep dance pop","Electronic, Pop, Hip Hop, R&B","Planet Pit (Deluxe Version)",2011-06-17,04:12,67,94,19,0,53,10,30,-3,G#/A♭ Major,4,2024-04-29,4QNpBfC0zvjKqPJcyqBy9W,"Mr.305/Polo Grounds Music/J Records",4B,https://p.scdn.co/mp3-preview/6eafa4293d2b35b2e75ffab5ec1bba8ec00d5082?cid=0dd13485836e45ac9134860ee53d835f,https://i.scdn.co/image/ab67616d000048511dc7483a9fcfce54822a2f19
29,"S&M","Rihanna",83,128,"barbadian pop, pop, urban contemporary","Pop, Hip Hop","Loud (Japan Version)",2010-01-01,04:03,77,68,1,0,84,0,0,-5,C♯/D♭ Major,4,2024-04-29,7ySUcLPVX7KudhnmNcgY2D,"Def Jam Recordings",3B,,https://i.scdn.co/image/ab67616d0000485131548865f7c729290b96c794
30,"Rude","MAGIC!",84,144,"pop, reggae fusion","Pop","Don't Kill the Magic",2014-06-25,03:44,77,76,4,0,93,0,30,-5,C♯/D♭ Major,4,2024-04-29,6RtPijgfPKROxEzTHNRiDp,"Latium Records/RCA Records",3B,https://p.scdn.co/mp3-preview/7cdc54190cf06e5269d8406c5a7bba71a7e04cf1?cid=0dd13485836e45ac9134860ee53d835f,https://i.scdn.co/image/ab67616d00004851604f8ac39f15d287e251f193
31,"TiK ToK","Kesha",85,120,"dance pop, pop","Pop","Animal (Expanded Edition)",2010-01-01,03:19,76,84,10,0,71,10,20,-3,D Minor,4,2024-04-29,0HPD5WQqrq7wPWR7P7Dw1i,"RCA Records Label",7A,https://p.scdn.co/mp3-preview/ea95bec21bd6c4979cc91f5d5528b533d879905c?cid=0dd13485836e45ac9134860ee53d835f,https://i.scdn.co/image/ab67616d000048517a6339d6ddfd579f77559b3c
32,"Treasure","Bruno Mars",81,116,"dance pop, pop","Pop","Unorthodox Jukebox",2012-12-07,02:58,87,69,4,0,94,0,30,-5,F Minor,4,2024-04-29,55h7vJchibLdUkxdlX3fK7,"Atlantic Records",4A,https://p.scdn.co/mp3-preview/2265c5b16b2e19f65da045df41cf2b4b8fd66ea3?cid=0dd13485836e45ac9134860ee53d835f,https://i.scdn.co/image/ab67616d00004851926f43e7cce571e62720fd46
33,"Paparazzi","Lady Gaga",73,115,"art pop, dance pop, pop","Pop","The Fame",2008-01-01,03:28,76,69,11,0,40,0,0,-4,F Minor,4,2024-04-29,7Hqig8kp32q2Ire3ECQvWM,"Interscope",4A,,https://i.scdn.co/image/ab67616d00004851631810af03785dbad83f5c81
34,"In Da Club","50 Cent",75,90,"east coast hip hop, gangster rap, hip hop, pop rap, queens hip hop, rap","Hip Hop","Get Rich Or Die Tryin'",2003-02-06,03:13,90,72,26,0,81,30,0,-3,F#/G♭ Minor,4,2024-04-29,4RY96Asd9IefaL3X4LOLZ8,"Shady Records",11A,,https://i.scdn.co/image/ab67616d00004851f7f74100d5cc850e01172cbf
35,"Shower","Becky G",78,120,"latin pop, latin viral pop, rap latina, reggaeton, trap latino, urbano latino","Pop, Latin","Shower",2014-04-23,03:26,70,53,3,0,12,0,20,-8,D Major,4,2024-04-29,3DmW6y7wTEYHJZlLo1r6XJ,"Kemosabe Records/RCA Records",10B,https://p.scdn.co/mp3-preview/147f604daafe57187f50f6dafa5a052262eedad5?cid=0dd13485836e45ac9134860ee53d835f,https://i.scdn.co/image/ab67616d00004851f7f5503cfc6a54d31e65b112
36,"Shut Up And Drive","Rihanna",67,133,"barbadian pop, pop, urban contemporary","Pop, Hip Hop","Good Girl Gone Bad",2007-01-01,03:32,74,83,0,13,74,0,20,-5,C♯/D♭ Major,4,2024-04-29,4QdX6pmNnJ5cleufWQIr5D,"Def Jam Recordings",3B,,https://i.scdn.co/image/ab67616d00004851b9ff0a5f40d3406aed5e5e3b
37,"Can't Feel My Face","The Weeknd",83,108,"canadian contemporary r&b, canadian pop, pop","R&B, Pop","Beauty Behind The Madness",2015-08-28,03:33,71,77,11,0,58,0,10,-6,A Minor,4,2024-04-29,22VdIZQfgXJea34mQxlt81,"Universal Republic Records",8A,,https://i.scdn.co/image/ab67616d000048517fcead687e99583072cc217b
38,"Little Talks","Of Monsters and Men",81,103,"folk-pop, metropopolis, modern rock, stomp and holler","Pop, Electronic, Rock, Folk/Acoustic","My Head Is An Animal",2012-01-01,04:26,46,76,2,0,42,0,10,-5,C♯/D♭ Major,4,2024-04-29,2ihCaVdNZmnHZWt0fvAM7B,"Universal Records",3B,,https://i.scdn.co/image/ab67616d00004851cb3f67e8026e2e493a1e8262
39,"Poker Face","Lady Gaga",78,119,"art pop, dance pop, pop","Pop","The Fame",2008-01-01,03:57,85,81,12,0,79,0,10,-5,E Major,4,2024-04-29,5R8dQOPq8haW94K7mgERlO,"Interscope",12B,,https://i.scdn.co/image/ab67616d00004851631810af03785dbad83f5c81
40,"Locked out of Heaven","Bruno Mars",89,144,"dance pop, pop","Pop","Unorthodox Jukebox",2012-12-07,03:53,73,70,5,0,87,0,30,-4,F Major,4,2024-04-29,3w3y8KPTfNeOKPiqUTakBh,"Atlantic Records",7B,https://p.scdn.co/mp3-preview/5a0318e6c43964786d22b9431af35490e96cff3d?cid=0dd13485836e45ac9134860ee53d835f,https://i.scdn.co/image/ab67616d00004851926f43e7cce571e62720fd46
41,"Your Love Is My Drug","Kesha",73,120,"dance pop, pop","Pop","Animal (Expanded Edition)",2010-01-01,03:07,83,61,1,0,76,10,0,-4,C♯/D♭ Major,4,2024-04-29,6vc2Jq2vaGu8z326kSrw92,"RCA Records Label",3B,https://p.scdn.co/mp3-preview/8fc78e277e1e5249c6d43078533d55df5e3378de?cid=0dd13485836e45ac9134860ee53d835f,https://i.scdn.co/image/ab67616d000048517a6339d6ddfd579f77559b3c
42,"I Love It (feat. Charli XCX)","Icona Pop,Charli XCX",76,126,"candy pop, dance pop, electropop, metropopolis, swedish electropop, swedish synthpop, art pop, pop, uk pop","Pop, Electronic","THIS IS... ICONA POP",2013-08-27,02:37,71,91,1,0,82,0,10,-3,G#/A♭ Major,4,2024-04-29,6HZ9VeI5IRFCNQLXhpF4bq,"Record Company TEN/Big Beat/ATL",4B,https://p.scdn.co/mp3-preview/429e91c9cdcf45a97960ab87560953e894aac997?cid=0dd13485836e45ac9134860ee53d835f,https://i.scdn.co/image/ab67616d000048514e2e6035e60579c7bdc6fb33
43,"Stereo Love - Radio Edit","Edward Maya,Vika Jigulina",67,127,"romanian house, romanian pop, moldovan pop","Pop, Electronic","Stereo Love",2009-00-00,03:05,78,73,4,2,21,0,10,-6,A Major,4,2024-04-29,11Iv8RCFmeImLOpaHYxKb4,"Ultra Records, LLC",11B,https://p.scdn.co/mp3-preview/430a1d6601ac24d1b0d01c5ca2e9e3046ab02c09?cid=0dd13485836e45ac9134860ee53d835f,https://i.scdn.co/image/ab67616d00004851695991d6f4a544a05df4c1c0
44,"Sk8er Boi","Avril Lavigne",78,150,"canadian pop, candy pop, dance pop, pop","Pop","Let Go",2002-06-04,03:24,49,90,0,0,48,0,30,-4,C Major,4,2024-04-29,00Mb3DuaIH1kjrwOku9CGU,"Arista",8B,https://p.scdn.co/mp3-preview/7891901b2270cc8ef724f64db5bb97be081329d6?cid=0dd13485836e45ac9134860ee53d835f,https://i.scdn.co/image/ab67616d00004851f7ec724fbf97a30869d06240
45,"Gimme More","Britney Spears",82,113,"dance pop, pop","Pop","Blackout",2007-10-25,04:11,79,84,25,0,38,0,0,-3,D Major,4,2024-04-29,6ic8OlLUNEATToEFU3xmaH,"Jive",10B,https://p.scdn.co/mp3-preview/cf83b67397b97a1634547c6194086c1102e89b36?cid=0dd13485836e45ac9134860ee53d835f,https://i.scdn.co/image/ab67616d00004851ca10fae7d292c52f7e8b11ca
46,"Blurred Lines","Robin Thicke,T.I.,Pharrell Williams",75,120,"dance pop, neo soul, pop rap, r&b, urban contemporary, atl hip hop, dirty south rap, gangster rap, hip hop, rap, southern hip hop, trap, pop","Hip Hop, Pop, R&B","Blurred Lines (Deluxe)",2013-01-01,04:23,85,60,0,0,84,0,0,-5,G Major,4,2024-04-29,0n4bITAu0Y0nigrz3MFJMb,"The Neptunes",9B,,https://i.scdn.co/image/ab67616d00004851bf4733171d920f2a62b24713
47,"Get Lucky (Radio Edit) [feat. Pharrell Williams and Nile Rodgers]","Daft Punk,Pharrell Williams,Nile Rodgers",80,116,"electro, filter house, rock, dance pop, pop, disco","Pop, R&B, Hip Hop, Electronic, Rock","Get Lucky (Radio Edit) [feat. Pharrell Williams and Nile Rodgers]",2013-04-19,04:08,79,81,4,0,86,0,10,-9,F#/G♭ Minor,4,2024-04-29,2Foc5Q5nqNiosCNqttzHof,"Columbia",11A,https://p.scdn.co/mp3-preview/9b7eaf7fb5cab29251df52e9a4f46fad14e29aa1?cid=0dd13485836e45ac9134860ee53d835f,https://i.scdn.co/image/ab67616d000048511d5cf960a92bb8b03fc2be7f
48,"We R Who We R","Kesha",75,120,"dance pop, pop","Pop","Cannibal (Expanded Edition)",2010-11-19,03:24,74,82,1,0,65,0,10,-5,G#/A♭ Major,4,2024-04-29,3LUWWox8YYykohBbHUrrxd,"RCA Records Label",4B,https://p.scdn.co/mp3-preview/87e275c268cbc6f76b509f4dd237bcea41d92059?cid=0dd13485836e45ac9134860ee53d835f,https://i.scdn.co/image/ab67616d000048513556ff5e46e50eb27be71ebe
49,"The Sweet Escape","Gwen Stefani,Akon",75,120,"dance pop, pop","Pop","The Sweet Escape",2006-01-01,04:06,76,77,19,0,73,0,10,-4,C♯/D♭ Major,4,2024-04-29,66ZcOcouenzZEnzTJvoFmH,"Interscope",3B,,https://i.scdn.co/image/ab67616d000048518dd53da15b55d402dfc3a20e
50,"Everytime We Touch","Cascada",75,142,"eurodance, europop, german techno, melbourne bounce international","Pop, Electronic","Everytime We Touch (Premium Edition)",2010-02-12,03:17,63,98,0,0,49,0,30,-5,G#/A♭ Major,4,2024-04-29,5YJtMNWKe55yr49cyJgxva,"Zoo Digital",4B,https://p.scdn.co/mp3-preview/5c620922d3b2422a7143f75d5d143a48ab2910b7?cid=0dd13485836e45ac9134860ee53d835f,https://i.scdn.co/image/ab67616d00004851e0c8b75abb6704283aa645aa
51,"Fortnight (feat. Post Malone)","Taylor Swift,Post Malone",93,96,"pop, dfw rap, melodic rap, rap","Hip Hop, Pop","THE TORTURED POETS DEPARTMENT",2024-04-18,03:48,68,40,50,0,32,0,0,-11,B Major,4,2024-04-29,2OzhQlSqBEmt7hmkYxfT6m,"Taylor Swift",1B,,https://i.scdn.co/image/ab67616d000048515076e4160d018e378f488c33
52,"Have You Ever Seen The Rain","Creedence Clearwater Revival",88,116,"album rock, classic rock, country rock, rock, southern rock, swamp rock","Rock","Pendulum (Expanded Edition)",1970-12-07,02:40,74,70,7,0,77,0,10,-7,C Major,4,2024-04-29,2LawezPeJhN4AWuSB0GtAU,"Craft Recordings",8B,,https://i.scdn.co/image/ab67616d0000485151f311c2fb06ad2789e3ff91
53,"Maneater","Daryl Hall & John Oates",84,89,"album rock, classic rock, heartland rock, mellow gold, rock, singer-songwriter, soft rock, yacht rock","Rock, Folk/Acoustic","H2O",1982-10-04,04:33,72,50,4,0,82,0,0,-13,B Minor,4,2024-04-29,7j74lucZ59vqN67Ipe2ZcY,"RCA/Legacy",10A,https://p.scdn.co/mp3-preview/d689e007e59681c1520d7492aa605e3e5073661d?cid=0dd13485836e45ac9134860ee53d835f,https://i.scdn.co/image/ab67616d00004851cfe4163cbb6d12f3ec15898e
54,"The Less I Know The Better","Tame Impala",86,117,"australian psych, modern rock, neo-psychedelic, rock","Metal, Rock, Folk/Acoustic","Currents",2015-07-17,03:36,64,74,1,1,79,0,10,-4,E Major,4,2024-04-29,6K4t31amVTZDgR3sKmwUJJ,"Universal Music Australia Pty. Ltd.",12B,,https://i.scdn.co/image/ab67616d000048519e1cfc756886ac782e363d79
55,"Valerie (feat. Amy Winehouse) - Version Revisited","Mark Ronson,Amy Winehouse",82,106,"pop soul, british soul, neo soul","R&B","Version",2007-04-16,03:39,70,83,0,0,89,0,10,-5,C♯/D♭ Major,4,2024-04-29,6kopmMZiyLmw7h66uXcXR7,"Columbia",3B,https://p.scdn.co/mp3-preview/7c1f773fee487c3fdc15fd8b0ee6a3a388b341d3?cid=0dd13485836e45ac9134860ee53d835f,https://i.scdn.co/image/ab67616d000048516a5beb0500ad6e3b0f7aea22
56,"Making Mirrors","Gotye",36,70,"australian pop","Pop","Making Mirrors",2011-01-01,01:01,24,9,49,87,4,0,10,-20,A#/B♭ Major,3,2024-04-29,2WVvmWnQeEkLAtWHkJm4j7,"Samples & Seconds / Republic",6B,,https://i.scdn.co/image/ab67616d00004851e1d47c00ddecbfb810c807ed
57,"Stayin' Alive - Edited Version","Bee Gees",65,104,"disco, mellow gold, soft rock","R&B, Rock","ドライブが楽しくなる洋楽ヒッツ！70年代 DISCO",2023-05-30,01:32,71,53,11,1,65,0,0,-20,A#/B♭ Minor,4,2024-04-29,3nWQeWN4glGk3R9EZ7VwO5,"UME - Global Clearing House",3A,,https://i.scdn.co/image/ab67616d00004851e8d2266354207d85465c53a7
58,"I Love You So","The Walters",89,76,"chicago indie, pov: indie","Rock, Pop","I Love You So",2014-11-28,02:40,57,65,58,0,47,0,10,-5,A#/B♭ Major,4,2024-04-29,4SqWKzw0CbA05TGszDgMlc,"Warner Records",6B,https://p.scdn.co/mp3-preview/83919b3d62a4ae352229c0a779e8aa0c1b2f4f40?cid=0dd13485836e45ac9134860ee53d835f,https://i.scdn.co/image/ab67616d000048519214ff0109a0e062f8a6cf0f
59,"Dreams - 2004 Remaster","Fleetwood Mac",86,120,"album rock, classic rock, rock, soft rock, yacht rock","Rock","Rumours (Super Deluxe)",1977-02-04,04:17,83,49,6,0,79,0,10,-10,C Major,4,2024-04-29,0ofHAoxe9vBkTCp2UQIavz,"Rhino/Warner Records",8B,https://p.scdn.co/mp3-preview/30d63954de3ee9c0bc3600a4560260cb252d4fbd?cid=0dd13485836e45ac9134860ee53d835f,https://i.scdn.co/image/ab67616d00004851e52a59a28efa4773dd2bfe1b
60,"Goodbye Yellow Brick Road - Remastered 2014","Elton John",78,121,"glam rock, mellow gold, piano rock, rock","Rock","Goodbye Yellow Brick Road (Remastered)",1973-10-05,03:12,56,47,45,0,40,0,10,-8,F Major,4,2024-04-29,4IRHwIZHzlHT1FQpRa5RdE,"UMC (Universal Music Catalogue)",7B,,https://i.scdn.co/image/ab67616d00004851f72f1e38e9bd48f18a17ed9b
61,"Paint It, Black","The Rolling Stones",84,159,"album rock, british invasion, classic rock, rock","Rock","Aftermath",1966-04-15,03:22,46,80,5,0,61,0,40,-9,C♯/D♭ Major,4,2024-04-29,63T7DJ1AFDD6Bn8VzG6JE8,"ABKCO Music and Records, Inc.",3B,,https://i.scdn.co/image/ab67616d00004851bad7062c3fd2f2d037989694
62,"Easy Way Out","Gotye",35,131,"australian pop","Pop","Making Mirrors",2011-01-01,01:57,72,74,1,0,70,0,60,-7,B Minor,4,2024-04-29,6eGopKq3yJdP8VO0P6n07Q,"Samples & Seconds / Republic",10A,,https://i.scdn.co/image/ab67616d00004851e1d47c00ddecbfb810c807ed
63,"California Dreamin' - Single Version","The Mamas & The Papas",80,112,"classic rock, folk, folk rock, mellow gold, psychedelic rock, rock, soft rock, sunshine pop","Rock, Folk/Acoustic, Pop","If You Can Believe Your Eyes & Ears",1966-03,02:42,55,61,35,0,64,0,0,-10,C♯/D♭ Minor,4,2024-04-29,4s6LhHAV5SEsOV0lC2tjvJ,"Geffen*",12A,,https://i.scdn.co/image/ab67616d0000485108181b9f840a06e7a071cf72
64,"Shake It Off","Taylor Swift",72,160,"pop","Pop","1989",2014-10-27,03:39,65,79,6,0,94,10,10,-5,G Major,4,2024-04-29,5xTtaWoae3wi06K5WfVUUH,"Big Machine Records, LLC",9B,,https://i.scdn.co/image/ab67616d000048519abdf14e6058bd3903686148
65,"The Chain - 2004 Remaster","Fleetwood Mac",82,152,"album rock, classic rock, rock, soft rock, yacht rock","Rock","Rumours (Super Deluxe)",1977-02-04,04:30,55,67,1,0,48,0,0,-9,A Major,4,2024-04-29,5e9TFTbltYBg2xThimr0rU,"Rhino/Warner Records",11B,https://p.scdn.co/mp3-preview/9cd01344e96f8dfaf0fb47fbb36d9da930daab2f?cid=0dd13485836e45ac9134860ee53d835f,https://i.scdn.co/image/ab67616d00004851e52a59a28efa4773dd2bfe1b
66,"Feel Good Inc.","Gorillaz",85,139,"alternative hip hop, modern rock, rock","Hip Hop, Rock","Demon Days",2005-05-23,03:42,82,71,1,0,77,10,60,-7,F#/G♭ Major,4,2024-04-29,0d28khcov6AiegSCpG5TuT,"Parlophone UK",2B,https://p.scdn.co/mp3-preview/b13a1bb2d8a04132982a49b6efee933cc9d67c7e?cid=0dd13485836e45ac9134860ee53d835f,https://i.scdn.co/image/ab67616d0000485119d85a472f328a6ed9b704cf
67,"Learnalilgivinanlovin","Gotye",28,129,"australian pop","Pop","Like Drawing Blood",2006-05-21,02:49,73,80,21,0,70,0,10,-4,F Major,4,2024-04-29,7vfwUwOeVVH8hQsXYHgIAQ,"Samples N Seconds/Republic",7B,,https://i.scdn.co/image/ab67616d00004851ac52ce2e1f707403193c20bd
68,"Take on Me","a-ha",89,84,"new romantic, new wave, new wave pop, permanent wave, synthpop","Rock, Pop","Hunting High and Low",1985-06-01,03:45,57,90,2,0,88,0,0,-8,F#/G♭ Minor,4,2024-04-29,2WfaOiMkCvy7F5fcp2zZ8L,"Rhino",11A,https://p.scdn.co/mp3-preview/ed66a8c444c35b2f5029c04ae8e18f69d952c2bb?cid=0dd13485836e45ac9134860ee53d835f,https://i.scdn.co/image/ab67616d00004851e8dd4db47e7177c63b0b7d53
69,"Everybody Wants To Rule The World","Tears For Fears",88,112,"new romantic, new wave, new wave pop, permanent wave, rock, sophisti-pop, synthpop","Rock, Pop","Songs From The Big Chair (Super Deluxe Edition)",1985-02-25,04:11,65,80,35,0,54,0,10,-12,G Major,4,2024-04-29,4RvWPyQ5RL0ao9LPZeSouE,"UMC (Universal Music Catalogue)",9B,,https://i.scdn.co/image/ab67616d0000485122463d6939fec9e17b2a6235
70,"Blank Space","Taylor Swift",74,96,"pop","Pop","1989",2014-10-27,03:51,75,68,9,0,58,0,10,-5,F Major,4,2024-04-29,1p80LdxRV74UKvL8gnD7ky,"Big Machine Records, LLC",7B,,https://i.scdn.co/image/ab67616d000048519abdf14e6058bd3903686148
71,"Cigarette Daydreams","Cage The Elephant",82,114,"modern alternative rock, modern rock, pov: indie, punk blues, rock","Rock, Pop, Blues","Melophobia",2013-10-08,03:28,64,68,8,0,27,0,0,-3,D Major,4,2024-04-29,2tznHmp70DxMyr2XhWLOW0,"RCA Records Label",10B,https://p.scdn.co/mp3-preview/a7a72315d777f4ed078d955238f9db158c915fc1?cid=0dd13485836e45ac9134860ee53d835f,https://i.scdn.co/image/ab67616d00004851fb1cb900d28642e668d77b12
72,"Clint Eastwood","Gorillaz",71,168,"alternative hip hop, modern rock, rock","Hip Hop, Rock","Gorillaz",2001-00-00,05:40,66,69,3,0,53,10,0,-9,A#/B♭ Minor,4,2024-04-29,7yMiX7n9SBvadzox8T5jzT,"Parlophone UK",3A,https://p.scdn.co/mp3-preview/5273a4def05afe6a5c27c352241a684c403f5b6a?cid=0dd13485836e45ac9134860ee53d835f,https://i.scdn.co/image/ab67616d00004851c73a7bb15f43bae86215934b
73,"Walking On A Dream","Empire Of The Sun",72,127,"australian dance, australian electropop, dance rock, indietronica, neo-synthpop","Electronic, Pop, Rock","Walking On A Dream",2008-01-01,03:18,87,70,25,0,73,0,0,-6,F Minor,4,2024-04-29,3HfhB8sYqLlVmpBPb7cc2x,"Capitol Records",4A,,https://i.scdn.co/image/ab67616d00004851410dfc8e880c1b3fefe6b83c
74,"Hey There!","The Basics,Gotye",29,130,"australian pop","Pop","Stand Out / Fit In",2007-01-01,02:36,63,67,2,0,92,0,20,-6,E Major,4,2024-04-29,3lgWYNplV5prDNW6LD7H9R,"The Three Basics",12B,https://p.scdn.co/mp3-preview/21c284b7734f598390027003e6712b57a6668faa?cid=0dd13485836e45ac9134860ee53d835f,https://i.scdn.co/image/ab67616d0000485153087974b27d4b5e29779039
75,"Dancing Queen","ABBA",85,101,"europop, swedish pop","Pop","Arrival",1976-00-00,03:50,54,87,36,0,75,0,70,-7,A Major,4,2024-04-29,0GjEhVFGZW8afUYGChu3Rr,"Polar Music International AB",11B,,https://i.scdn.co/image/ab67616d0000485170f7a1b35d5165c85b95a0e0
76,"Sunflower - Spider-Man: Into the Spider-Verse","Post Malone,Swae Lee",85,90,"dfw rap, melodic rap, pop, rap, trap","Hip Hop, Pop","Hollywood's Bleeding",2019-09-06,02:37,76,52,53,0,93,0,0,-4,D Major,4,2024-04-29,0RiRZpuVRbi7oqRdSMwhQY,"Republic Records",10B,,https://i.scdn.co/image/ab67616d000048519478c87599550dd73bfa7e02
77,"Sweater Weather","The Neighbourhood",89,124,"modern alternative rock, modern rock, pop","Rock, Pop","I Love You.",2013-04-19,04:00,61,81,5,2,40,0,10,-3,A#/B♭ Major,4,2024-04-29,2QjOHCTQ1Jl3zawyYOpxh6,"Columbia",6B,https://p.scdn.co/mp3-preview/877602f424a9dea277b13301ffc516f9fd1fbe7e?cid=0dd13485836e45ac9134860ee53d835f,https://i.scdn.co/image/ab67616d000048518265a736a1eb838ad5a0b921
78,"Down Under","Men At Work",77,107,"album rock, australian rock, classic rock, hard rock, heartland rock, mellow gold, new romantic, new wave, new wave pop, rock, soft rock","Rock, Pop","Business As Usual",1981-11-09,03:42,74,46,13,2,89,0,0,-14,B Minor,4,2024-04-29,3ZZq9396zv8pcn5GYVhxUi,"Columbia",10A,https://p.scdn.co/mp3-preview/7caffe3fc98c828bdfdd88022a6b331250fdd1ca?cid=0dd13485836e45ac9134860ee53d835f,https://i.scdn.co/image/ab67616d00004851aa5e4c9da271951ac0b31fa2
79,"Budapest","George Ezra",83,128,"folk-pop, neo-singer-songwriter","Pop","Wanted on Voyage (Expanded Edition)",2014-06-30,03:20,72,46,8,0,39,0,10,-8,F Major,4,2024-04-29,2ixsaeFioXJmMgkkbd4uj1,"Columbia",7B,https://p.scdn.co/mp3-preview/03e6f12a87c862370fe965eb330fbcab1f2ee93f?cid=0dd13485836e45ac9134860ee53d835f,https://i.scdn.co/image/ab67616d00004851d6df3bccf3ec41ea2f76debc
80,"Smoke And Mirrors","Gotye",41,186,"australian pop","Pop","Making Mirrors",2011-01-01,05:13,38,90,11,20,62,10,30,-6,A#/B♭ Minor,3,2024-04-29,0wm2hhtpRDtidodGobkttG,"Samples & Seconds / Republic",3A,,https://i.scdn.co/image/ab67616d00004851e1d47c00ddecbfb810c807ed
81,"Uptown Girl","Billy Joel",85,129,"album rock, classic rock, heartland rock, mellow gold, piano rock, rock, singer-songwriter, soft rock","Rock, Folk/Acoustic","An Innocent Man",1983-08-08,03:17,70,94,8,0,79,0,60,-3,E Major,4,2024-04-29,5zA8vzDGqPl2AzZkEYQGKh,"Columbia",12B,https://p.scdn.co/mp3-preview/62bccc2f61bb990df31d1a247a3bf69efd32da18?cid=0dd13485836e45ac9134860ee53d835f,https://i.scdn.co/image/ab67616d00004851814cbc4746358a25c84c62e7
82,"Circles","Post Malone",86,120,"dfw rap, melodic rap, pop, rap","Hip Hop, Pop","Hollywood's Bleeding",2019-09-06,03:35,70,76,19,0,55,0,0,-3,C Major,4,2024-04-29,21jGcNKet2qwijlDFuPiPb,"Republic Records",8B,,https://i.scdn.co/image/ab67616d000048519478c87599550dd73bfa7e02
83,"Running Up That Hill (A Deal With God)","Kate Bush",83,108,"art pop, art rock, baroque pop, new wave pop, permanent wave, piano rock, singer-songwriter","Pop, Rock, Folk/Acoustic","Hounds Of Love",1985-09-16,04:58,63,55,72,0,19,0,0,-13,A#/B♭ Minor,4,2024-04-29,1PtQJZVZIdWIYdARpZRDFO,"Fish People",3A,https://p.scdn.co/mp3-preview/861d26b52ece3e3ad72a7dc3463daece3478801a?cid=0dd13485836e45ac9134860ee53d835f,https://i.scdn.co/image/ab67616d00004851ad08f4b38efbff0c0da0f252
84,"Dark Red","Steve Lacy",87,172,"afrofuturism","R&B","Dark Red",2017-02-20,02:53,60,78,45,0,77,0,10,-4,F#/G♭ Major,4,2024-04-29,3EaJDYHA0KnX88JvDhL9oa,"Three Quarter",2B,https://p.scdn.co/mp3-preview/90b3855fd50a4c4878a2d5117ebe73f658a97285?cid=0dd13485836e45ac9134860ee53d835f,https://i.scdn.co/image/ab67616d000048513d2dfa42f771cd458b194979
85,"Freaks","Surf Curse",85,180,"dreamo, indie surf, pov: indie, surf punk, vegas indie","Rock, Pop","Freaks",2021-05-15,02:27,35,94,0,63,41,0,0,-10,A Major,4,2024-04-29,7EkWXAI1wn8Ii883ecd9xr,"Surf Curse",11B,https://p.scdn.co/mp3-preview/039505c3b40b4478ec45ccb64fed211487887dd0?cid=0dd13485836e45ac9134860ee53d835f,https://i.scdn.co/image/ab67616d000048519efda673310de265a2c1cf1f
86,"Adore You","Harry Styles",84,99,"pop","Pop","Fine Line",2019-12-13,03:27,68,77,2,0,57,0,10,-4,G#/A♭ Major,4,2024-04-29,3jjujdWJ72nww5eGnfs2E7,"Columbia",4B,https://p.scdn.co/mp3-preview/a42d5e9f6f5c3375db9723bb2356239351eead31?cid=0dd13485836e45ac9134860ee53d835f,https://i.scdn.co/image/ab67616d0000485177fdcfda6535601aff081b6a
87,"Can't Get You out of My Head","Kylie Minogue",80,126,"australian dance, australian pop, dance pop, eurodance, new wave pop","Electronic, Pop","Fever",2001-10-01,03:50,77,56,3,68,96,0,10,-8,A Minor,4,2024-04-29,3E7ZwUMJFqpsDOJzEkBrQ7,"Parlophone UK",8A,https://p.scdn.co/mp3-preview/80a42bfd505424a41c3e43b66b4e64571e36d49c?cid=0dd13485836e45ac9134860ee53d835f,https://i.scdn.co/image/ab67616d000048515d6121285c42ea4535e59048
88,"Tongue Tied","GROUPLOVE",80,113,"indie rock, la indie, modern alternative rock, modern rock, pov: indie","Rock, Pop","Never Trust a Happy Song",2011-09-02,03:38,56,94,1,0,37,0,10,-6,D#/E♭ Major,4,2024-04-29,0GO8y8jQk1PkHzS31d699N,"Canvasback/ATL",5B,https://p.scdn.co/mp3-preview/6082516f3c05520cc2cf8cecd17e4ce8667c459e?cid=0dd13485836e45ac9134860ee53d835f,https://i.scdn.co/image/ab67616d00004851d84a9bbcba91cb6a4a212b1b
89,"Electric Love","BØRNS",80,120,"indie poptimism, modern alternative rock, modern rock, pov: indie","Pop, Rock","Dopamine",2015-10-16,03:38,61,80,1,0,52,0,20,-8,F#/G♭ Minor,4,2024-04-29,2GiJYvgVaD2HtM8GqD9EgQ,"UMGRI Interscope",11A,,https://i.scdn.co/image/ab67616d00004851cc2cf912462d8ae4ef856434
90,"State Of The Art","Gotye",36,135,"australian pop","Pop","Making Mirrors",2011-01-01,05:22,71,70,9,0,63,0,40,-6,C Minor,4,2024-04-29,16cb7S4l526LCsr8ZtCV4v,"Samples & Seconds / Republic",5A,,https://i.scdn.co/image/ab67616d00004851e1d47c00ddecbfb810c807ed
91,"Feel It Still","Portugal. The Man",80,79,"indie rock, indietronica, modern alternative rock, modern rock","Rock, Pop","Woodstock",2017-06-16,02:43,80,80,4,0,75,0,0,-5,C♯/D♭ Minor,4,2024-04-29,6QgjcU0zLnzq5OrUoSZ3OK,"Atlantic Records",12A,https://p.scdn.co/mp3-preview/47e41f47a7627e34bf34d039b32b9774b9b88768?cid=0dd13485836e45ac9134860ee53d835f,https://i.scdn.co/image/ab67616d00004851af52c228c9619ff6298b08cd
92,"Watermelon Sugar","Harry Styles",88,95,"pop","Pop","Fine Line",2019-12-13,02:54,55,82,12,0,56,0,30,-4,C Major,4,2024-04-29,6UelLqGlWMcVH1E5c4H7lY,"Columbia",8B,https://p.scdn.co/mp3-preview/824cd58da2e9a15eeaaa6746becc09093547a09b?cid=0dd13485836e45ac9134860ee53d835f,https://i.scdn.co/image/ab67616d0000485177fdcfda6535601aff081b6a
93,"Every Breath You Take","The Police",88,117,"album rock, classic rock, permanent wave, rock","Rock","Synchronicity (Remastered 2003)",1983-06-17,04:13,82,45,54,0,74,0,0,-10,C♯/D♭ Major,4,2024-04-29,1JSTJqkT5qHq8MDJnJbRE1,"Polydor Records",3B,,https://i.scdn.co/image/ab67616d00004851c8e97cafeb2acb85b21a777e
94,"Mr. Blue Sky","Electric Light Orchestra",79,178,"album rock, art rock, beatlesque, classic rock, glam rock, mellow gold, rock, soft rock, symphonic rock","Rock, Folk/Acoustic","Out of the Blue",1977-00-00,05:03,39,34,65,0,48,0,20,-10,A#/B♭ Major,4,2024-04-29,2RlgNHKcydI9sayD2Df2xp,"Epic/Legacy",6B,https://p.scdn.co/mp3-preview/2c3de8db9c9e07197796cafd81adc9eae8b3a25a?cid=0dd13485836e45ac9134860ee53d835f,https://i.scdn.co/image/ab67616d000048518c4e95986c803791125e8991
95,"Space Song","Beach House",79,147,"baltimore indie, dream pop, dreamo, indie rock, indietronica, modern dream pop, pov: indie","Rock, Pop","Depression Cherry",2015-08-28,05:20,51,79,23,12,60,0,10,-7,C Minor,4,2024-04-29,7H0ya83CMmgFcOhw0UB6ow,"Sub Pop Records",5A,https://p.scdn.co/mp3-preview/3d50d7331c2ef197699e796d08cf8d4009591be0?cid=0dd13485836e45ac9134860ee53d835f,https://i.scdn.co/image/ab67616d000048519b7190e673e46271b2754aab
96,"Eyes Wide Open","Gotye",46,139,"australian pop","Pop","Making Mirrors",2011-01-01,03:11,60,87,19,2,64,0,10,-6,F Major,4,2024-04-29,6h2q5GhVc9itEB6NqOEMd4,"Samples & Seconds / Republic",7B,,https://i.scdn.co/image/ab67616d00004851e1d47c00ddecbfb810c807ed
97,"Ho Hey","The Lumineers",81,80,"folk-pop, modern rock, neo mellow, stomp and holler","Pop, Rock, Folk/Acoustic","The Lumineers",2012-04-03,02:43,69,47,79,0,35,0,0,-9,C Major,4,2024-04-29,0W4Kpfp1w2xkY3PrV714B7,"Dualtone Music Group",8B,https://p.scdn.co/mp3-preview/c33540bb4add6e78feca6e0cf121fbd0d3b9e6dd?cid=0dd13485836e45ac9134860ee53d835f,https://i.scdn.co/image/ab67616d0000485155b094b01ca58e4d1800a402
98,"Take Five","The Dave Brubeck Quartet",69,174,"bebop, jazz, jazz quartet","Jazz","Time Out",1959-12-14,05:24,45,26,54,0,60,0,0,-13,G#/A♭ Minor,5,2024-04-29,1YQWosTIljIvxAgHWTp7KP,"Columbia/Legacy",1A,https://p.scdn.co/mp3-preview/eb37af1ddf50ffaa177884c1a62fc669e69dd472?cid=0dd13485836e45ac9134860ee53d835f,https://i.scdn.co/image/ab67616d0000485100ace5d3c5bffc123ef1eb51
99,"Souvenir d'Italie","Lelio Luttazzi",68,0,"swing italiano","Easy listening","Le mie preferite",2009-01-01,01:12,0,44,69,95,0,0,30,-13,G Major,0,2024-04-29,6CeajvxcjyZ46cGbrKwq9n,"Rai",9B,https://p.scdn.co/mp3-preview/5a2c55283f4388b2f46335f279f889e93648a814?cid=0dd13485836e45ac9134860ee53d835f,https://i.scdn.co/image/ab67616d00004851760810a1a1c36a610a54db0f
100,"deep in it","berlioz,Ted Jasper",70,119,"jazz house, ","Electronic","deep in it",2023-03-10,02:34,57,42,97,89,27,0,10,-12,D#/E♭ Minor,4,2024-04-29,3J2WUEn6oFN8eDPZov7w9I,"berlioz",2A,https://p.scdn.co/mp3-preview/fef844c2bd768aa2096e3366d85c40933451c500?cid=0dd13485836e45ac9134860ee53d835f,https://i.scdn.co/image/ab67616d00004851c743cb5d8de54b825b0b3729
101,"When Sunny Gets Blue","McCoy Tyner",59,60,"contemporary post-bop, hard bop, jazz, jazz piano","Jazz","Today And Tomorrow",1964-00-00,04:42,43,11,84,86,11,0,10,-23,D Minor,4,2024-04-29,1J9iVCaEriyoMXpj2XszhU,"GRP",7A,,https://i.scdn.co/image/ab67616d00004851e2ad553a9862224408dedf0b
102,"Blue bossa","Dexter Gordon",42,82,"bebop, jazz, jazz saxophone","Jazz","Biting The Apple",1976-11-09,08:49,36,41,46,82,59,0,10,-15,G#/A♭ Major,4,2024-04-29,4LbJFM4QRgvKoYU7nzj3Dx,"SteepleChase",4B,https://p.scdn.co/mp3-preview/446c4f7e4cf81a5da35a146dce9b6b37c566f262?cid=0dd13485836e45ac9134860ee53d835f,https://i.scdn.co/image/ab67616d0000485129bdc7acb7c3a052612a98b9
103,"Camptown Races - Live - Part 2","The Dave Brubeck Quartet",35,138,"bebop, jazz, jazz quartet","Jazz","Gone With The Wind",1959-00-00,02:07,65,14,74,91,73,0,10,-26,G#/A♭ Major,4,2024-04-29,6FZYnO4QqKN4k3i3pDvq64,"Columbia",4B,https://p.scdn.co/mp3-preview/896b7b7f9da1e7b47416ced730df250a8bac354b?cid=0dd13485836e45ac9134860ee53d835f,https://i.scdn.co/image/ab67616d00004851bd87a0a75217813802ccc2c6
104,"Ricordandoti","Piero Umiliani",54,99,"vintage italian soundtrack","Easy listening","La ragazza dalla pelle di luna",1970-01-01,02:55,46,12,94,94,30,0,10,-15,G Minor,4,2024-04-29,4acYM2ql5qiU7yXtz9KM1n,"Easy Tempo / Right Tempo",6A,https://p.scdn.co/mp3-preview/dc0ca82f3fe0fcbfd893990b8fbc73486c891cd5?cid=0dd13485836e45ac9134860ee53d835f,https://i.scdn.co/image/ab67616d00004851fab13dc56058ea0dfb124dc7
105,"Mary's Theme - From The "Femina Ridens" Soundtrack","Stelvio Cipriani",48,108,"vintage italian soundtrack","Easy listening","Mary's Theme",2024-01-17,02:10,37,18,73,45,31,0,10,-22,E Minor,3,2024-04-29,3lxeTFUfuTozhBAta6nEVh,"UME - Global Clearing House",9A,,https://i.scdn.co/image/ab67616d00004851fe5314bab4e8d4647516d2c1
106,"jazz is for ordinary people","berlioz",68,118,"jazz house","Electronic","jazz is for ordinary people",2023-04-07,02:44,50,47,71,79,31,0,10,-11,F Minor,4,2024-04-29,12BaQt9aYdTlEtKreqB5V4,"berlioz",4A,https://p.scdn.co/mp3-preview/335cf01515dff739dbf386ba27f363f9528ae196?cid=0dd13485836e45ac9134860ee53d835f,https://i.scdn.co/image/ab67616d00004851c9a8853d7b582a01bda44093
107,"Dream A Little Dream Of Me","The Mamas & The Papas",75,93,"classic rock, folk, folk rock, mellow gold, psychedelic rock, rock, soft rock, sunshine pop","Rock, Folk/Acoustic, Pop","The Papas & The Mamas",1968-05-01,03:14,41,31,79,0,35,0,0,-13,G Major,4,2024-04-29,27hhIs2fp6w06N5zx4Eaa5,"Geffen",9B,,https://i.scdn.co/image/ab67616d000048516a7ffb7ecffe490b3abd82af
108,"ブリーズ","Jiro Inagaki and His Soul Media",52,88,"classic japanese jazz","Jazz","ファンキー・スタッフ",1975-01-25,04:37,61,45,34,83,76,0,0,-13,C Minor,4,2024-04-29,2llFlNkPX4hW1M3HLdEMBm,"Nippon Columbia Co., Ltd./NIPPONOPHONE",5A,https://p.scdn.co/mp3-preview/3e739abcd40d9a4c818fc94eb83adefc0f5636b4?cid=0dd13485836e45ac9134860ee53d835f,https://i.scdn.co/image/ab67616d0000485187af363f9702e794f50682de
109,"Countdown","The Dave Brubeck Quartet",27,100,"bebop, jazz, jazz quartet","Jazz","Countdown: Time In Outer Space",1962-00-00,02:23,56,53,61,69,85,0,10,-15,A#/B♭ Minor,5,2024-04-29,6jrzLBrjcaiYlJc1S4Hv4S,"Columbia/Legacy",3A,https://p.scdn.co/mp3-preview/2d12ea8ff6752497cfab7fd4e0421cb4df2accad?cid=0dd13485836e45ac9134860ee53d835f,https://i.scdn.co/image/ab67616d000048512a1776d03a93499fad66e2b7
110,"C.R.E.A.M.","El Michels Affair",61,97,"afrobeat, funk, instrumental soul","World/Traditional, R&B","Enter The 37th Chamber",2009-04-21,02:54,57,51,53,95,10,0,10,-8,B Minor,4,2024-04-29,4bJ7tMJqfYmkKgCYzaaG4B,"Fat Beats Records",10A,https://p.scdn.co/mp3-preview/d88ea479f6b21e8bf017a2390c8468b2c7f03faf?cid=0dd13485836e45ac9134860ee53d835f,https://i.scdn.co/image/ab67616d000048519266fa644911138d6a07a8d8
111,"Crepuscolo Sul Mare","Piero Umiliani",58,100,"vintage italian soundtrack","Easy listening","La Legge Dei Gangsters",2009-11-19,02:47,27,44,97,91,36,0,10,-13,F Major,4,2024-04-29,3c07yD1n2fRvcD9wY638hg,"Easy Tempo / Right Tempo",7B,https://p.scdn.co/mp3-preview/397059473413d7c60374623e934881c8b6b7c581?cid=0dd13485836e45ac9134860ee53d835f,https://i.scdn.co/image/ab67616d00004851d23f3cd05795137a95dc9db7
112,"Loie - Rudy Van Gelder Edition / 2007 Digital Remaster","Ike Quebec",49,74,"jazz saxophone","Jazz","Bossa Nova Soul Samba (Rudy Van Gelder Edition)",2007-01-01,03:10,65,13,93,83,77,0,10,-21,C Major,4,2024-04-29,5u37dzOTaofExiyOlYir65,"Blue Note Records",8B,,https://i.scdn.co/image/ab67616d00004851db50d7f089553b0f41d0293a
113,"Sunday Morning","The Velvet Underground,Nico",67,106,"alternative rock, melancholia, permanent wave, protopunk, rock, experimental, singer-songwriter","Rock, Folk/Acoustic","The Velvet Underground & Nico 45th Anniversary",1967-03-12,02:55,51,44,9,0,53,0,0,-13,F Minor,4,2024-04-29,11607FzqoipskTsXrwEHnJ,"Polydor",4A,,https://i.scdn.co/image/ab67616d0000485198260c528e6eec9dd431c1d7
114,"Maria","The Dave Brubeck Quartet",44,80,"bebop, jazz, jazz quartet","Jazz","Music From Leonard Bernstein'S 'West Side Story' And 'Wonderful Town'",1987-02-03,03:15,50,21,85,0,47,0,0,-18,G Major,4,2024-04-29,4dQmO0TSFuCdmsdkFtZigJ,"Columbia",9B,https://p.scdn.co/mp3-preview/bd2cb3624677262850dc03348228d76e4541ca49?cid=0dd13485836e45ac9134860ee53d835f,https://i.scdn.co/image/ab67616d00004851620982db1128842b3e45e25a
115,"Ladyfingers","Herb Alpert & The Tijuana Brass",69,86,"easy listening, lounge","Easy listening","Whipped Cream & Other Delights",1965-04-01,02:44,35,30,98,93,56,0,10,-14,D#/E♭ Major,4,2024-04-29,7ubd6wvhN4TKMwQUy6hR69,"Herb Alpert Presents",5B,https://p.scdn.co/mp3-preview/f09a563a99cc4b6a11716fc3eb16d0c2cdc349b2?cid=0dd13485836e45ac9134860ee53d835f,https://i.scdn.co/image/ab67616d000048510a313a5fb83a11c119819ef3
116,"Coffee Cold","Galt MacDermot",62,80,"","","Shapes of Rhythm/Woman Is Sweeter",2000-01-01,03:25,69,47,79,28,48,0,20,-10,A Minor,4,2024-04-29,6MN6yRVriszuyAVlyF8ndB,"Kilmarnock Records",8A,https://p.scdn.co/mp3-preview/f25e7453e3aa8f11321bd4461a93b58fe371c4e8?cid=0dd13485836e45ac9134860ee53d835f,https://i.scdn.co/image/ab67616d00004851b7dbeff91b0f87b7a3032365
117,"Ain't No Sunshine","Bill Withers",87,78,"classic soul, funk, quiet storm, soul","R&B","Just As I Am",1971-05-01,02:05,53,42,46,0,52,10,10,-11,E Minor,4,2024-04-29,1k1Bqnv2R0uJXQN4u6LKYt,"Columbia/Legacy",9A,https://p.scdn.co/mp3-preview/4894057a7cdc4be59cd335cfc369ba2d3a3b2ad8?cid=0dd13485836e45ac9134860ee53d835f,https://i.scdn.co/image/ab67616d00004851e1e350d06ffebd2e19e047ce
118,"Going Up The Country","Canned Heat",62,80,"blues, blues rock, classic rock, country rock, electric blues, folk rock, psychedelic rock, traditional blues","Blues, Rock","On The Road Again",1989-01-01,02:52,62,24,86,5,74,0,10,-19,F Minor,4,2024-04-29,3iltRlox3jEeSKuqdW88EK,"Capitol Records",4A,,https://i.scdn.co/image/ab67616d0000485111009f02d8af260c46c9d288
119,"Little Wing","Jimi Hendrix",71,71,"acid rock, album rock, alternative rock, classic rock, hard rock, proto-metal, psychedelic rock, rock","Rock, Metal","Axis: Bold As Love",1967-12-01,02:25,52,53,18,0,43,0,0,-8,F#/G♭ Major,4,2024-04-29,1Eolhana7nKHYpcYpdVcT5,"Legacy Recordings",2B,https://p.scdn.co/mp3-preview/48aa97d5b07d401bc8e2bc11acdb82c54cb6c374?cid=0dd13485836e45ac9134860ee53d835f,https://i.scdn.co/image/ab67616d0000485119dcd95d28b63d10164327f2
120,"Far More Blue","The Dave Brubeck Quartet",40,168,"bebop, jazz, jazz quartet","Jazz","Time Further Out",1961-00-00,04:37,52,33,52,2,79,0,0,-16,F Minor,5,2024-04-29,2djpFaL4yqTH3fvDKijsMv,"Legacy/Columbia",4A,https://p.scdn.co/mp3-preview/3a23f47fc850096d0b3bd822e8796c2720e48e37?cid=0dd13485836e45ac9134860ee53d835f,https://i.scdn.co/image/ab67616d000048517ea560d522ef653c268d79c9
121,"Bird's Lament","Moondog",56,63,"experimental, laboratorio, outsider","Rock, Classical","Sax Pax For A Sax",1997-11-28,02:03,59,29,76,88,10,0,10,-11,D Major,5,2024-04-29,1EuFHPoVGfyfEZBaYExK7v,"Moondog",10B,https://p.scdn.co/mp3-preview/9b2f4c6cd01d6304c1b1fde234da386a4ee412b1?cid=0dd13485836e45ac9134860ee53d835f,https://i.scdn.co/image/ab67616d000048512bb0edcaa67a7d185fde7547
122,"The Last Time I Saw Paris","Johnny Hodges",55,82,"bebop, jazz saxophone","Jazz","Not So Dukish",1958-11-20,02:54,55,1,99,6,52,0,10,-21,C Major,4,2024-04-29,1CgkKs5fgX1BiYyYZ6ZzZE,"Verve Reissues",8B,,https://i.scdn.co/image/ab67616d0000485198f7eb5d81ddb4042b2c8156
123,"Fletcher's Song In Club","Justin Hurwitz",51,98,"hollywood, movie tunes","Easy listening","Whiplash (Original Motion Picture Soundtrack)",2014-10-07,01:29,87,30,5,97,58,10,10,-22,G Minor,4,2024-04-29,0ZFortLKtHTKy7YtuJiubt,"Music.Film",6A,https://p.scdn.co/mp3-preview/82454da5d9299be264e5dc73fda0743644fc284e?cid=0dd13485836e45ac9134860ee53d835f,https://i.scdn.co/image/ab67616d000048516fce4a71d3973d3bbb12e8d7
124,"Come Together - Remastered 2009","The Beatles",78,165,"british invasion, classic rock, merseybeat, psychedelic rock, rock","Rock","Abbey Road (Remastered)",1969-09-26,04:19,53,38,3,25,19,0,0,-12,A Minor,4,2024-04-29,2EqlS6tkEnglzr7tkKAAYD,"EMI Catalogue",8A,,https://i.scdn.co/image/ab67616d00004851dc30583ba717007b00cceb25
125,"Easy","Commodores",78,133,"adult standards, disco, funk, mellow gold, motown, quiet storm, soft rock, soul","Easy listening, R&B, Rock","Commodores",1977-01-01,04:16,59,38,11,0,35,0,0,-15,A#/B♭ Minor,4,2024-04-29,1JQ6Xm1JrvHfvAqhl5pwaA,"Motown",3A,,https://i.scdn.co/image/ab67616d0000485140eea368f4fb5f5ee6dcd9a8
126,"Pick up Sticks","The Dave Brubeck Quartet",40,139,"bebop, jazz, jazz quartet","Jazz","Time Out",1959-12-14,04:16,52,31,81,31,50,0,10,-16,F Minor,3,2024-04-29,0XugQpP1aeQwpdGKHpjcci,"Columbia/Legacy",4A,https://p.scdn.co/mp3-preview/290bcc4c578192a36f705caf0ebde6e49e76d2cf?cid=0dd13485836e45ac9134860ee53d835f,https://i.scdn.co/image/ab67616d0000485100ace5d3c5bffc123ef1eb51
127,"Sleep Walk","Santo & Johnny",65,95,"space age pop, surf music","Pop, Rock","Canadian American Greatest Hits 50th Anniversary Collection",2012-10-25,02:25,78,21,76,96,44,0,20,-10,A#/B♭ Minor,3,2024-04-29,0yK8sWD6cfrc7pGfaPIcZH,"Canadian American Car-2010-B",3A,https://p.scdn.co/mp3-preview/36edbf4f880fca96df003cf0a1478bf93ecf77ed?cid=0dd13485836e45ac9134860ee53d835f,https://i.scdn.co/image/ab67616d00004851bc0e1b686e5d098b1ecdbd96
128,"Água de Beber","Astrud Gilberto,Antônio Carlos Jobim",67,148,"bossa nova, brazilian jazz, lounge, samba-jazz, vocal jazz, brazilian classical, latin classical, mpb, violao","Jazz, Classical, Easy listening, Latin","The Astrud Gilberto Album",1965-01-01,02:18,65,32,44,0,85,0,0,-18,E Minor,4,2024-04-29,3QKJELWORZZ7rUZDWeMWSA,"Verve Reissues",9A,,https://i.scdn.co/image/ab67616d00004851b48a079c5273b6141af2dc35
129,"Lujon","Henry Mancini",58,100,"adult standards, classic soundtrack, easy listening","Easy listening","Mr. Lucky Goes Latin",1961-01-01,02:38,52,15,90,82,63,0,10,-18,A#/B♭ Minor,4,2024-04-29,37N37WJQvXqplFdCwkNgX3,"RCA/Legacy",3A,https://p.scdn.co/mp3-preview/36b8018e0722e5c24d8ab9895c186fe01a44a934?cid=0dd13485836e45ac9134860ee53d835f,https://i.scdn.co/image/ab67616d00004851187cb5d9f8c6e9bb29652cb3
130,"Black Magic Woman - Single Version","Santana",68,124,"blues rock, classic rock, mexican classic rock","Rock","Santana's Greatest Hits",1994-07-01,03:16,49,35,68,8,62,0,0,-14,D Minor,4,2024-04-29,4YMQXzscifAREG0a7KNGhB,"Columbia/Legacy",7A,https://p.scdn.co/mp3-preview/0c6f2f23c5b8a2501444271043d57f2a9aca37c4?cid=0dd13485836e45ac9134860ee53d835f,https://i.scdn.co/image/ab67616d00004851930858249e7abbb9b5317929
131,"House Of The Rising Sun","The Animals",73,117,"album rock, british invasion, classic rock, hard rock, protopunk, psychedelic rock, rock","Rock","The Animals",1964-01-01,04:31,30,58,0,22,23,0,10,-7,A Minor,3,2024-04-29,7BY005dacJkbO6EPiOh2wb,"ABKCO Music & Records, Inc.",8A,,https://i.scdn.co/image/ab67616d000048513c534611bd3658006378a2d7
132,"Alice In Wonderland","The Dave Brubeck Quartet",29,75,"bebop, jazz, jazz quartet","Jazz","Stardust",1983-01-01,03:33,44,6,100,92,47,0,10,-24,F Minor,4,2024-04-29,60RYqzdFnNDWBbeXy6ArZm,"Fantasy Records",4A,,https://i.scdn.co/image/ab67616d00004851e5d7bf46d50f23abfab0946d
133,"Easy Lovers","Piero Piccioni",62,70,"classic soundtrack, vintage italian soundtrack","Easy listening","Camille 2000 (Original Motion Picture Soundtrack)",1998-01-11,03:45,34,33,90,42,18,0,10,-14,C Minor,4,2024-04-29,4u307txePIagFC4K67AdBA,"Camille 3000",5A,https://p.scdn.co/mp3-preview/a36ead28a17ab86c50d0e2446cfb2c7ca3db420b?cid=0dd13485836e45ac9134860ee53d835f,https://i.scdn.co/image/ab67616d00004851bcdc5625685ad7a01a744f8b
134,"Waltz For Debby","Bill Evans",54,62,"bebop, contemporary post-bop, cool jazz, jazz, jazz piano, vocal jazz","Jazz","New Jazz Conceptions",1956-00-00,01:18,55,13,99,87,19,0,0,-20,F Major,4,2024-04-29,7bMrdOiYdHjz5dplqSxj8r,"Concord Records",7B,,https://i.scdn.co/image/ab67616d00004851929f54e5cc041223a098e39e
135,"Nancy (With The Laughing Face)","John Coltrane Quartet",59,116,"bebop, contemporary post-bop, hard bop, jazz, jazz quartet, jazz saxophone","Jazz","Ballads (Deluxe Edition - Rudy Van Gelder Remaster)",1963-00-00,03:11,52,14,98,19,30,0,10,-14,F Major,1,2024-04-29,2HdvZsLXBmO9sc4cV8d4BA,"Impulse!",7B,,https://i.scdn.co/image/ab67616d00004851a3d4884d3433efed2c4a0563
136,"While My Guitar Gently Weeps - Remastered 2009","The Beatles",71,115,"british invasion, classic rock, merseybeat, psychedelic rock, rock","Rock","The Beatles (Remastered)",1968-11-22,04:45,45,65,2,0,70,0,10,-9,E Minor,4,2024-04-29,389QX9Q1eUOEZ19vtzzI9O,"EMI Catalogue",9A,,https://i.scdn.co/image/ab67616d000048514ce8b4e42588bf18182a1ad2
137,"Time Moves Slow","BADBADNOTGOOD,Samuel T. Herring",67,140,"canadian modern jazz, indie soul, ","Jazz, R&B","IV",2016-07-08,04:33,59,38,48,3,31,0,10,-11,B Minor,4,2024-04-29,1IqF5PUDUnaykHLs0RWbDO,"Innovative Leisure",10A,https://p.scdn.co/mp3-preview/ee0fb5520ad237f8d4675b8b0a44e9977c040414?cid=0dd13485836e45ac9134860ee53d835f,https://i.scdn.co/image/ab67616d0000485140080ed5a2ec3c92bf445247
138,"Koto Song","The Dave Brubeck Quartet",43,110,"bebop, jazz, jazz quartet","Jazz","Jazz Impressions Of Japan",1964-00-00,03:01,47,10,97,56,32,0,10,-19,A#/B♭ Minor,4,2024-04-29,7ApoQAZIblqnGXhdt3ggp8,"Columbia/Legacy",3A,https://p.scdn.co/mp3-preview/e916fb3ea665f87a8e21cd2c0c356a82a68beffb?cid=0dd13485836e45ac9134860ee53d835f,https://i.scdn.co/image/ab67616d00004851ba26498291199da60973738a
139,"Didn't I","Darondo",66,75,"afrobeat, classic soul, funk, traditional soul","World/Traditional, R&B","Let My People Go",2005-01-24,03:29,46,38,90,26,64,0,10,-12,F Major,4,2024-04-29,6Dq2LzijkY9WNPwBGDah4L,"Luv N' Haight",7B,https://p.scdn.co/mp3-preview/1b64b17537a84fdf1bc42c7b6b1b072b233c4a2e?cid=0dd13485836e45ac9134860ee53d835f,https://i.scdn.co/image/ab67616d000048513d0128eee321aae2467aec37
140,"Night Lights","Gerry Mulligan",42,56,"bebop, cool jazz, jazz, jazz saxophone","Jazz","Walkman Jazz : Gerry Mulligan",1987-01-01,04:52,36,3,99,82,15,0,0,-25,G Major,4,2024-04-29,7jGGHvY9NqG8uSgnbqNF82,"Polydor",9B,,https://i.scdn.co/image/ab67616d00004851280e6dedcd0c039bf526af69
141,"Love Theme From Spartacus - Remastered 2023","Yusef Lateef",56,133,"avant-garde, bebop, free jazz, jazz, jazz saxophone","Classical, Jazz","Eastern Sounds (Remastered 2023)",2024-02-02,04:15,57,31,65,92,56,0,0,-16,E Minor,3,2024-04-29,2QHFSR7VUZZfRRwZycKqSa,"Craft Recordings",9A,,https://i.scdn.co/image/ab67616d00004851ff4a38917d1eb6c85752e9ff
142,"Tell Me a Bedtime Story","Herbie Hancock",47,119,"contemporary post-bop, instrumental funk, jazz, jazz funk, jazz fusion, jazz piano","Jazz, R&B","Fat Albert Rotunda",1969-12-08,05:01,40,53,71,93,35,0,10,-17,E Minor,4,2024-04-29,6eimz6jvlZaPwtflDWCTa0,"Rhino/Warner Records",9A,https://p.scdn.co/mp3-preview/0c419858be533e7f35887d8089814f53b21aae58?cid=0dd13485836e45ac9134860ee53d835f,https://i.scdn.co/image/ab67616d0000485130c348e8e33a9cdd1aa58152
143,"She's Not There","The Zombies",66,132,"baroque pop, british invasion, classic rock, folk rock, psychedelic rock","Pop, Rock","Begin Here",1965-04-30,02:26,53,73,59,0,91,0,10,-7,E Minor,4,2024-04-29,6s6jmTumtDJGOB725jMJ8z,"Zombies Partners",9A,https://p.scdn.co/mp3-preview/82a072e4817543d32985ecd881f479c1862f13c1?cid=0dd13485836e45ac9134860ee53d835f,https://i.scdn.co/image/ab67616d0000485114faaf2983212c4aa62a7bfb
144,"Ode to a Cowboy - Remastered","The Dave Brubeck Quartet",14,138,"bebop, jazz, jazz quartet","Jazz","Jazz Impressions Of The U.S.A.",1957-00-00,05:02,57,17,80,34,60,0,10,-18,A#/B♭ Minor,4,2024-04-29,0Y0qrCaa0duwCWS77msKzt,"Columbia/Legacy",3A,https://p.scdn.co/mp3-preview/53cbca353b5f431c01583076f59021ac4530e069?cid=0dd13485836e45ac9134860ee53d835f,https://i.scdn.co/image/ab67616d00004851997342cdb2b68782ea2beca9
145,"Evening In Paris","Zoot Sims",49,63,"cool jazz, jazz saxophone","Jazz","Zoot Sims avec Henri Renaud et son orchestre",1956-00-00,03:21,56,16,98,36,57,0,10,-12,F#/G♭ Major,4,2024-04-29,36NzG0ptwi4k798mpIS3Oz,"New Release Catalog",2B,,https://i.scdn.co/image/ab67616d00004851965cab07549137cd4c73bb0a
146,"Gymnopédie No. 1","Erik Satie,Philippe Entremont",71,73,"classical, early avant garde, early modern classical, impressionism, post-romantic era, classical performance, french classical piano","Classical","Erik Satie & Friends",1949-00-00,03:25,47,1,99,94,36,10,0,-37,G Major,3,2024-04-29,5NGtFXVpXSvwunEIGeviY3,"Sony Classical",9B,https://p.scdn.co/mp3-preview/23063b891af42f8aedfe5ed0bad332ee6fb2b94e?cid=0dd13485836e45ac9134860ee53d835f,https://i.scdn.co/image/ab67616d00004851fa24c97b4c8aaf5ccdcccf08
147,"Handlebars","Flobots",60,142,"conscious hip hop, nerdcore","Hip Hop","Fight With Tools",2008-01-01,03:26,70,57,2,0,52,10,10,-7,F Major,4,2024-04-29,6JH9yWhgbm0y9iAJhCslNc,"Flobots/Republic Records",7B,,https://i.scdn.co/image/ab67616d000048519c42c35d57212a5920c42f6c
148,"Ain't No Rest for the Wicked","Cage The Elephant",78,156,"modern alternative rock, modern rock, pov: indie, punk blues, rock","Rock, Pop, Blues","Cage The Elephant (Expanded Edition)",2009-03-24,02:55,64,85,4,0,92,10,30,-7,C Major,4,2024-04-29,3Pzh926pXggbMe2ZpXyMV7,"Jive/Legacy",8B,https://p.scdn.co/mp3-preview/ada37d5b27a8c23c77d3f66c7f81d656ec3deefc?cid=0dd13485836e45ac9134860ee53d835f,https://i.scdn.co/image/ab67616d00004851e4800c920780ac18d4ab6730
149,"Tighten Up","The Black Keys",68,109,"alternative rock, blues rock, garage rock, indie rock, indietronica, modern blues rock, modern rock, punk blues, rock, roots rock","Rock, Pop, Blues","Brothers",2010-05-18,03:31,50,71,0,0,57,0,40,-6,F#/G♭ Minor,4,2024-04-29,2MVwrvjmcdt4MsYYLCYMt8,"Nonesuch",11A,https://p.scdn.co/mp3-preview/dd1645df2f28d473b8a50735acfd95f28e71bdfb?cid=0dd13485836e45ac9134860ee53d835f,https://i.scdn.co/image/ab67616d0000485143f5bd543a2a1ab37fb40a8b
150,"Lay Me Down (feat. Rome)","Dirty Heads,Rome",62,170,"reggae fusion, reggae rock, ","Pop, Rock","Any Port in a Storm (Special Edition)",2012-09-03,03:35,67,74,4,0,74,0,10,-8,G Major,4,2024-04-29,27cyWPYManSTHiwMreSuGB,"Endurance Music Group",9B,https://p.scdn.co/mp3-preview/239bae9f2e9de14b1c071f789c778767c3502508?cid=0dd13485836e45ac9134860ee53d835f,https://i.scdn.co/image/ab67616d0000485164fe6edc06aef2928d1b3a61
151,"Drive","Incubus",80,91,"alternative metal, alternative rock, funk metal, funk rock, nu metal, post-grunge, rock","Metal, Rock","Make Yourself",1999-10-26,03:52,65,79,6,1,67,0,10,-7,E Minor,4,2024-04-29,7nnWIPM5hwE3DaUBkvOIpy,"Epic/Immortal",9A,https://p.scdn.co/mp3-preview/7948a397a8d6e2e9d37ea4827235fbe254463b66?cid=0dd13485836e45ac9134860ee53d835f,https://i.scdn.co/image/ab67616d0000485174fad40214d982351347e46e
152,"Float On","Modest Mouse",77,101,"alternative rock, chamber pop, indie rock, indietronica, modern rock, washington indie","Rock, Pop","Good News For People Who Love Bad News",2004-04-05,03:28,65,89,1,0,55,0,0,-5,F#/G♭ Major,4,2024-04-29,2lwwrWVKdf3LR9lbbhnr6R,"Epic",2B,https://p.scdn.co/mp3-preview/9241188a00b7ae5feb607bf10c21a067c83ed487?cid=0dd13485836e45ac9134860ee53d835f,https://i.scdn.co/image/ab67616d00004851cc68329bfbf34037df965dc1
153,"Bartender Song (Sittin' At A Bar) - Alt/Rock Mix","Rehab",63,152,"redneck","Hip Hop","Graffiti The World",2005-00-00,03:49,67,67,12,0,71,0,30,-6,E Major,4,2024-04-29,1gewemPOUilb21s7CfMS55,"Universal Records",12B,,https://i.scdn.co/image/ab67616d00004851849e5870ecd098e9996688a0
154,"Blister In The Sun","Violent Femmes",73,97,"acoustic punk, alternative rock, punk","Folk/Acoustic, Rock","Violent Femmes",1983-01-01,02:25,73,54,32,0,88,10,0,-9,C Major,4,2024-04-29,7jIAttgQTpLDoNtykIQXjH,"Craft Recordings",8B,,https://i.scdn.co/image/ab67616d0000485154096a7f898de0233d76f626
155,"Howlin' for You","The Black Keys",71,133,"alternative rock, blues rock, garage rock, indie rock, indietronica, modern blues rock, modern rock, punk blues, rock, roots rock","Rock, Pop, Blues","Brothers",2010-05-18,03:11,71,74,3,8,45,0,10,-7,B Major,4,2024-04-29,0grFc6klR3hxoHLcgCYsF4,"Nonesuch",1B,https://p.scdn.co/mp3-preview/a45f4f7664e524e67faebc5a0ae53ae94a17672a?cid=0dd13485836e45ac9134860ee53d835f,https://i.scdn.co/image/ab67616d0000485143f5bd543a2a1ab37fb40a8b
156,"Brain Stew","Green Day",77,76,"modern rock, permanent wave, punk, rock","Rock","Insomniac",1995-10-10,03:13,56,54,0,0,34,30,0,-5,C♯/D♭ Major,4,2024-04-29,1nLnpLXvl68RZCSjfkyiaa,"Reprise",3B,https://p.scdn.co/mp3-preview/5488d08f012ea906930adb7c714d95a5a8552326?cid=0dd13485836e45ac9134860ee53d835f,https://i.scdn.co/image/ab67616d00004851ac9a652335cf34de9a65292a
157,"Buddy Holly","Weezer",76,121,"alternative rock, modern power pop, modern rock, permanent wave, rock","Rock, Pop","Weezer",1994-05-10,02:39,56,92,0,0,77,0,10,-5,G#/A♭ Major,4,2024-04-29,3mwvKOyMmG77zZRunnxp9E,"DGC",4B,,https://i.scdn.co/image/ab67616d00004851345536847e60f622ee0eae96
158,"Californication","Red Hot Chili Peppers",85,96,"alternative rock, funk metal, funk rock, permanent wave, rock","Rock, Metal","Californication (Deluxe Edition)",1999-06-08,05:29,59,77,0,0,33,0,10,-3,A Minor,4,2024-04-29,48UPSzbZjgc449aqz8bxox,"Warner Records",8A,https://p.scdn.co/mp3-preview/0fd595c5b63db10f4a99683f8248ea5d13700683?cid=0dd13485836e45ac9134860ee53d835f,https://i.scdn.co/image/ab67616d0000485194d08ab63e57b0cae74e8595
159,"Chop Suey!","System Of A Down",86,127,"alternative metal, nu metal, rap metal, rock","Metal, Rock","Toxicity",2001-09-04,03:30,42,93,0,0,29,10,10,-4,G Minor,4,2024-04-29,2DlHlPMa4M17kufBvI2lEN,"American/Columbia",6A,https://p.scdn.co/mp3-preview/d536012652d7c99c472fe3811312ce3026f2196b?cid=0dd13485836e45ac9134860ee53d835f,https://i.scdn.co/image/ab67616d0000485130d45198d0c9e8841f9a9578
160,"Lump","The Presidents Of The United States Of America",72,142,"alternative rock, grunge, pop rock","Rock","The Presidents of The United States of America: Ten Year Super Bonus Special Anniversary Edition",1995-01-01,02:14,51,88,1,0,91,0,10,-4,F#/G♭ Major,4,2024-04-29,02ZdZqhpfrPnxwyakXgxB8,"PUSA Music",2B,https://p.scdn.co/mp3-preview/d7784790327227c50699e2f6efc33414569d37d3?cid=0dd13485836e45ac9134860ee53d835f,https://i.scdn.co/image/ab67616d00004851f26fe2d28f3ea184db9be5a2
161,"Gold on the Ceiling","The Black Keys",76,130,"alternative rock, blues rock, garage rock, indie rock, indietronica, modern blues rock, modern rock, punk blues, rock, roots rock","Rock, Pop, Blues","El Camino",2011-12-06,03:44,51,83,1,0,56,0,0,-5,C Major,4,2024-04-29,5lN1EH25gdiqT1SFALMAq1,"Nonesuch",8B,https://p.scdn.co/mp3-preview/fb86bf4a03ad45e4e0d3b74f537ea811c60b4ccf?cid=0dd13485836e45ac9134860ee53d835f,https://i.scdn.co/image/ab67616d000048516a21b97de47168df4f0c1993
162,"I Hate Everything About You","Three Days Grace",79,89,"alternative metal, canadian metal, canadian rock, nu metal, post-grunge, rock","Metal, Rock","Three Days Grace",2003-04-19,03:51,50,83,0,0,45,0,10,-5,F#/G♭ Minor,4,2024-04-29,0M955bMOoilikPXwKLYpoi,"Jive",11A,https://p.scdn.co/mp3-preview/a6c3822f2022bda6d8067f0e9b62a55368130009?cid=0dd13485836e45ac9134860ee53d835f,https://i.scdn.co/image/ab67616d0000485177922eaa071fb388270f203f
163,"Misery Business","Paramore",77,173,"candy pop, modern rock, pixie, pop, pop emo, pop punk, rock","Pop, Rock","Riot!",2007-06-11,03:31,52,91,0,0,73,0,10,-4,C♯/D♭ Major,4,2024-04-29,6SpLc7EXZIPpy0sVko0aoU,"Fueled By Ramen",3B,https://p.scdn.co/mp3-preview/ba87b3463a795afa81ee18d3fbb116bb7793140e?cid=0dd13485836e45ac9134860ee53d835f,https://i.scdn.co/image/ab67616d00004851bee754528c08d5ff6799a1eb
164,"The Middle","Jimmy Eat World",84,162,"alternative metal, alternative rock, emo, modern power pop, modern rock, neon pop punk, pop punk, pop rock, post-grunge, punk, rock","Metal, Rock, Pop","Bleed American",2001-07-17,02:45,64,85,4,0,90,0,0,-5,D Major,4,2024-04-29,6GG73Jik4jUlQCkKg9JuGO,"Interscope",10B,,https://i.scdn.co/image/ab67616d0000485195d1d98c5176e4f982bd73d6
165,"Savior","Rise Against",79,112,"alternative metal, chicago hardcore, chicago punk, hardcore punk, modern rock, post-grunge, punk","Metal, Rock","Appeal To Reason",2008-01-01,04:02,55,93,0,0,48,0,40,-3,F Minor,4,2024-04-29,1vcxF91pWs9uNwDROuiCPB,"Geffen",4A,,https://i.scdn.co/image/ab67616d00004851eaa10fffa60de320846c28be
166,"Sloth's Revenge","Dirty Heads",55,96,"reggae fusion, reggae rock","Pop, Rock","Home | Phantoms of Summer: The Acoustic Sessions",2013-10-29,03:33,83,55,53,0,73,0,10,-7,E Major,4,2024-04-29,1cCt3hN5WlWtkez7nFHerz,"Endurance Music Group",12B,https://p.scdn.co/mp3-preview/f12f10b71792e5dcf1061df40784f5cdfd44a132?cid=0dd13485836e45ac9134860ee53d835f,https://i.scdn.co/image/ab67616d0000485177562bc548061ac08b803b88
167,"Say It Ain't So","Weezer",77,152,"alternative rock, modern power pop, modern rock, permanent wave, rock","Rock, Pop","Weezer",1994-05-10,04:18,63,55,1,0,45,0,0,-7,D#/E♭ Major,4,2024-04-29,6VoIBz0VhCyz7OdEoRYDiA,"DGC",5B,,https://i.scdn.co/image/ab67616d00004851345536847e60f622ee0eae96
168,"Smoke Two Joints","Sublime",66,95,"rap rock, reggae fusion, ska mexicano, ska punk","Rock, Pop, Latin, Folk/Acoustic","40oz. To Freedom",1992-06-01,02:53,76,69,0,1,32,10,20,-6,G Major,4,2024-04-29,0Jur3mZsQba3vqSpcmsOPm,"Gasoline Alley",9B,,https://i.scdn.co/image/ab67616d00004851d77299e3d29f44495cd7fbcb
169,"Flagpole Sitta","Harvey Danger",66,145,"pop rock, post-grunge","Rock, Metal","Where Have All The Merrymakers Gone?",1997-01-01,03:37,36,90,0,0,48,0,20,-4,E Minor,4,2024-04-29,7cz70nyRXlCJOE85whEkgU,"Decca Music Group Ltd.",9A,,https://i.scdn.co/image/ab67616d00004851868d99be4de6929eeac899ba
170,"You're Gonna Go Far, Kid","The Offspring",82,126,"alternative metal, permanent wave, post-grunge, punk, rock, skate punk, socal pop punk","Metal, Rock, Pop","Rise And Fall, Rage And Grace",2008-06-17,02:57,55,92,0,0,60,0,20,-3,C Major,4,2024-04-29,6TfBA04WJ3X1d1wXhaCFVT,"Round Hill Music (Offspring)",8B,,https://i.scdn.co/image/ab67616d00004851890ce61533a89e00ce593fcb
171,"Prayer Of The Refugee","Rise Against",68,196,"alternative metal, chicago hardcore, chicago punk, hardcore punk, modern rock, post-grunge, punk","Metal, Rock","The Sufferer & The Witness",2006-01-01,03:19,20,98,0,0,39,10,20,-3,D#/E♭ Minor,4,2024-04-29,4OSbctVD37ycS0H3rwRm72,"Geffen",2A,,https://i.scdn.co/image/ab67616d0000485190fef039e01409cb5a8d560c
172,"My Name Is Human","Highly Suspect",62,140,"modern alternative rock, modern rock, post-grunge","Rock, Metal","The Boy Who Died Wolf",2016-11-18,04:18,52,70,0,0,19,0,0,-6,D Minor,4,2024-04-29,1euszbbvkUzQzIhZUWFmXG,"300 Entertainment",7A,https://p.scdn.co/mp3-preview/97b3459000674973e1cb30c8d1d2f4d36743c73f?cid=0dd13485836e45ac9134860ee53d835f,https://i.scdn.co/image/ab67616d000048510412a482b98670e4d98a55fd
173,"Erase Me - Main","Kid Cudi,Kanye West",70,186,"hip hop, ohio hip hop, pop rap, rap, chicago rap","Hip Hop","Man On The Moon II: The Legend Of Mr. Rager",2010-11-09,03:12,69,63,6,0,85,10,10,-6,A Major,4,2024-04-29,6XkuklKiHYVTlVvWlTgQYP,"Kid Cudi/Universal Records",11B,,https://i.scdn.co/image/ab67616d0000485159e842b6a3566a141f27f815
174,"Bleed It Out","Linkin Park",82,140,"alternative metal, nu metal, post-grunge, rap metal, rock","Metal, Rock","Minutes to Midnight",2007-05-14,02:44,53,97,11,0,60,0,60,-4,C♯/D♭ Minor,4,2024-04-29,0UFDKFqW2oGspYeYqo9wjA,"Warner Records",12A,https://p.scdn.co/mp3-preview/1440e6e73c1d0f4db4a64175e26ca250097733c8?cid=0dd13485836e45ac9134860ee53d835f,https://i.scdn.co/image/ab67616d000048516e996745f2c7b8036abef213
175,"My Hero","Foo Fighters",78,77,"alternative metal, alternative rock, modern rock, permanent wave, post-grunge, rock","Metal, Rock","The Colour And The Shape",1997-05-20,04:20,40,93,0,0,31,0,0,-4,A Major,4,2024-04-29,4dVbhS6OiYvFikshyaQaCN,"RCA Records Label",11B,https://p.scdn.co/mp3-preview/5ffdbc197d59a4bc15611a49ef51f23009432dbb?cid=0dd13485836e45ac9134860ee53d835f,https://i.scdn.co/image/ab67616d000048510389027010b78a5e7dce426b
176,"Santeria","Sublime",80,91,"rap rock, reggae fusion, ska mexicano, ska punk","Rock, Pop, Latin, Folk/Acoustic","Sublime",1996-07-30,03:02,68,77,3,0,57,0,10,-5,C♯/D♭ Minor,4,2024-04-29,2hnMS47jN0etwvFPzYk11f,"Gasoline Alley",12A,,https://i.scdn.co/image/ab67616d000048518fc4b0dcfb9509553f195c85
177,"A-Punk","Vampire Weekend",71,175,"baroque pop, chamber pop, garage rock, indie rock, indietronica, modern rock","Pop, Rock","Vampire Weekend",2008-01-29,02:17,55,82,1,4,85,0,10,-4,D Major,4,2024-04-29,3AydAydLzyyZutA0375XIz,"XL Recordings",10B,https://p.scdn.co/mp3-preview/3afe492f2ee66f7a77041a6a5c2a5f4b523fe3d1?cid=0dd13485836e45ac9134860ee53d835f,https://i.scdn.co/image/ab67616d00004851eabfe5d94aad05cb6485444b
178,"Bulls On Parade","Rage Against The Machine",76,166,"alternative metal, alternative rock, conscious hip hop, funk metal, hard rock, nu metal, political hip hop, post-grunge, rap metal, rap rock, rock","Metal, Rock, Hip Hop","Evil Empire",1996-04-16,03:49,41,92,1,6,57,10,40,-7,F Major,4,2024-04-29,0tZ3mElWcr74OOhKEiNz1x,"Epic",7B,https://p.scdn.co/mp3-preview/c1626784be02379a8ec2fa5f7d7f735c1eda772b?cid=0dd13485836e45ac9134860ee53d835f,https://i.scdn.co/image/ab67616d00004851053f006079bce979e5fef1e1
179,"Paralyzer","Finger Eleven",77,106,"alternative metal, canadian rock, funk metal, nu metal, post-grunge","Metal, Rock","Them Vs. You Vs. Me (Deluxe Edition)",2007-01-01,03:28,64,94,16,0,86,0,20,-3,B Minor,4,2024-04-29,28IEbk5a7twNTbUEvWslUb,"The Bicycle Music Company",10A,,https://i.scdn.co/image/ab67616d00004851e9c3c16b480e1c5a84d7b188
180,"Sour Patch Kids","Bryce Vine",56,153,"indie pop rap","Hip Hop","Lazy Fair",2014-00-00,04:12,48,78,2,0,57,0,20,-5,E Major,4,2024-04-29,5j1RbIusbzWyzpGmUOjzOW,"Kiva House Lambroza",12B,https://p.scdn.co/mp3-preview/a362743e8fa11ac994ff8ea507660ab538cf7e16?cid=0dd13485836e45ac9134860ee53d835f,https://i.scdn.co/image/ab67616d000048511555331635341142a75d196f
181,"Beverly Hills","Weezer",72,88,"alternative rock, modern power pop, modern rock, permanent wave, rock","Rock, Pop","Make Believe",2005-05-10,03:16,69,82,9,0,74,0,30,-4,F Major,4,2024-04-29,1yKu2MhpwzDXXH2tzG6xoa,"Geffen",7B,,https://i.scdn.co/image/ab67616d00004851a9def696688b8353ad8511ad
182,"Lydia","Highly Suspect",63,128,"modern alternative rock, modern rock, post-grunge","Rock, Metal","Mister Asylum",2015-07-17,04:02,42,71,1,0,51,0,40,-5,F#/G♭ Minor,4,2024-04-29,7yoBjKO6cCnK3zV8gr1k4e,"300 Entertainment",11A,https://p.scdn.co/mp3-preview/29d9b2aaa56bbfbb6f6214f2cc71954f101c7fb5?cid=0dd13485836e45ac9134860ee53d835f,https://i.scdn.co/image/ab67616d00004851b7897784eee989d4f97f8579
183,"The Pretender","Foo Fighters",81,173,"alternative metal, alternative rock, modern rock, permanent wave, post-grunge, rock","Metal, Rock","Echoes, Silence, Patience & Grace",2007-09-25,04:29,43,96,0,0,37,0,0,-4,A Major,4,2024-04-29,7x8dCjCr0x6x2lXKujYD34,"RCA Records Label",11B,https://p.scdn.co/mp3-preview/23a6ace3679431062d5e6f0bc60a514f3a26da4e?cid=0dd13485836e45ac9134860ee53d835f,https://i.scdn.co/image/ab67616d0000485183e260c313dc1ff1f17909cf
184,"What I Got","Sublime",76,96,"rap rock, reggae fusion, ska mexicano, ska punk","Rock, Pop, Latin, Folk/Acoustic","Sublime",1996-07-30,02:50,80,70,1,0,66,0,30,-7,G Major,4,2024-04-29,3B4q6KbHbGV51HO3GznBFF,"Gasoline Alley",9B,,https://i.scdn.co/image/ab67616d000048518fc4b0dcfb9509553f195c85
185,"Dance, Dance","Fall Out Boy",79,114,"emo, modern rock, pop, rock","Rock, Pop","From Under The Cork Tree",2005-05-03,03:00,62,96,1,0,45,10,0,-3,B Minor,4,2024-04-29,0a7BloCiNzLDD9qSQHh5m7,"Island Records",10A,,https://i.scdn.co/image/ab67616d0000485171565eda831124be86c603d5
186,"The Kids Aren't Alright","The Offspring",84,100,"alternative metal, permanent wave, post-grunge, punk, rock, skate punk, socal pop punk","Metal, Rock, Pop","Americana",1998-11-16,03:00,52,94,1,0,77,0,0,-4,C♯/D♭ Major,4,2024-04-29,4EchqUKQ3qAQuRNKmeIpnf,"Round Hill Music (Offspring)",3B,,https://i.scdn.co/image/ab67616d00004851cbd2ee7dff77bfb2b5f0af52
187,"Short Change Hero","The Heavy",62,106,"bath indie, modern blues rock","Rock","The House That Dirt Built",2009-10-05,05:22,68,64,29,1,74,0,10,-7,C♯/D♭ Minor,4,2024-04-29,7JOizhmt3HlBgQyJEa0AgK,"Counter Records / +1 Records",12A,https://p.scdn.co/mp3-preview/8b185617cdcc46f7d0da2798c1fcaa5e3ab773c4?cid=0dd13485836e45ac9134860ee53d835f,https://i.scdn.co/image/ab67616d00004851463986d828c59a03f2ab0a3f
188,"There's A War Going On For Your Mind","Flobots",35,88,"conscious hip hop, nerdcore","Hip Hop","Fight With Tools",2008-01-01,01:23,63,68,79,1,30,40,30,-7,A Minor,3,2024-04-29,4ZuWAdlZS2bmkwSMAhHohN,"Flobots/Republic Records",8A,,https://i.scdn.co/image/ab67616d00004851d96d9bc0bd45667c43775ac7
189,"Fat Lip","Sum 41",74,197,"alternative metal, canadian pop punk, canadian punk, modern rock, pop punk, post-grunge, punk, rock","Metal, Pop, Rock","All Killer, No Filler",2001-01-01,02:58,40,91,0,0,63,10,0,-5,A Major,4,2024-04-29,4KacUpvbA3Mfo05gttTjhN,"Island Records",11B,,https://i.scdn.co/image/ab67616d000048519a482180e6a306229bff49dc
190,"Fake It","Seether",75,132,"alternative metal, nu metal, post-grunge, south african rock","Metal, Rock","Finding Beauty In Negative Spaces (Bonus Track Version)",2007-01-01,03:13,61,95,0,0,61,0,0,-4,G#/A♭ Major,4,2024-04-29,4eAwB5pnKFTmsgc3zWoYO0,"Fantasy Records",4B,,https://i.scdn.co/image/ab67616d00004851c418220159462cdd7cfeb9a1
191,"Wish You Were Here","Incubus",74,170,"alternative metal, alternative rock, funk metal, funk rock, nu metal, post-grunge, rock","Metal, Rock","Morning View",2001-10-23,03:32,25,77,0,30,35,0,10,-7,A Major,4,2024-04-29,6KtLECDztnah63TNmV4Plw,"Epic/Immortal",11B,https://p.scdn.co/mp3-preview/3c423190127a2748aad13610df1d44a36f45c956?cid=0dd13485836e45ac9134860ee53d835f,https://i.scdn.co/image/ab67616d00004851289320ef78f164a472698926
192,"Doin' Time","Sublime",70,81,"rap rock, reggae fusion, ska mexicano, ska punk","Rock, Pop, Latin, Folk/Acoustic","Sublime",1996-07-30,04:13,71,76,4,0,55,0,10,-5,G Major,4,2024-04-29,4eamJr2k9YDH8j58RSTmSc,"Gasoline Alley",9B,,https://i.scdn.co/image/ab67616d000048518fc4b0dcfb9509553f195c85
193,"I Love College","Asher Roth",58,86,"indie pop rap","Hip Hop","Asleep In The Bread Aisle",2009-01-01,04:01,71,83,9,0,66,20,40,-4,G#/A♭ Major,4,2024-04-29,1akgiRM3mN2nxu2AX6ACCW,"SRC Records",4B,,https://i.scdn.co/image/ab67616d0000485173aec173d3c1f42884b3563b
194,"Daylight","Matt and Kim",66,103,"brooklyn indie, indietronica, modern rock, shimmer pop","Rock, Pop","Grand",2009-01-20,02:51,57,80,10,0,67,0,10,-5,A Major,4,2024-04-29,57i3M29DWoo7RDk0Tf0LZG,"FADER LABEL",11B,,https://i.scdn.co/image/ab67616d00004851acbe616ad7ba01c2f335dd0a
195,"Gives You Hell","The All-American Rejects",71,100,"alternative metal, modern rock, neo mellow, neon pop punk, pop punk, pop rock, post-grunge","Metal, Rock, Folk/Acoustic, Pop","When The World Comes Down",2008-01-01,03:33,72,69,2,0,55,0,0,-6,E Major,4,2024-04-29,6ihL9TjfRjadfEePzXXyVF,"Interscope",12B,,https://i.scdn.co/image/ab67616d000048518f6b4035c82eb9cf42e9d8d7
196,"1985","Bowling For Soup",73,120,"neon pop punk, pop punk, pop rock, texas pop punk","Pop, Rock","A Hangover You Don't Deserve",2004-00-00,03:13,61,89,0,0,90,0,30,-4,E Major,4,2024-04-29,5oQcOu1omDykbIPSdSQQNJ,"Jive",12B,https://p.scdn.co/mp3-preview/28326a1495460231b371c04643fd2543f15968f1?cid=0dd13485836e45ac9134860ee53d835f,https://i.scdn.co/image/ab67616d00004851f9b3ece3271d3a5fa73d3759
197,"Mary Had a Little Lamb","Stevie Ray Vaughan",61,123,"album rock, blues, blues rock, classic rock, electric blues, hard rock, heartland rock, instrumental rock, rock, texas blues","Rock, Blues","Texas Flood (Legacy Edition)",1983-00-00,02:46,68,49,9,15,91,0,20,-14,G#/A♭ Major,4,2024-04-29,0nFZ2HQRnIxiwraCm2X6Uq,"Epic/Legacy",4B,https://p.scdn.co/mp3-preview/c60d2062a9fa40f6f3794b74575f6e31637c76fd?cid=0dd13485836e45ac9134860ee53d835f,https://i.scdn.co/image/ab67616d00004851f7143c00741b94bb62025340
198,"Run Through The Jungle","Creedence Clearwater Revival",73,137,"album rock, classic rock, country rock, rock, southern rock, swamp rock","Rock","Cosmo's Factory",1970-07-24,03:05,64,76,2,18,84,0,10,-6,G Major,4,2024-04-29,5VfgDw3oOzcNoszDwkLQhH,"Craft Recordings.",9B,,https://i.scdn.co/image/ab67616d000048516e186edfb8fe3710fdc1f7c2
199,"Cajun Moon","J.J. Cale",60,102,"blues, blues rock, folk rock, roots rock, singer-songwriter","Blues, Rock, Folk/Acoustic","Okie",1974-04-30,02:11,81,55,45,16,75,0,10,-15,C♯/D♭ Major,4,2024-04-29,43niiTshfUdTN32wHykv7h,"Universal International Music B.V.",3B,,https://i.scdn.co/image/ab67616d0000485164ce417349958ed70dae8572
200,"Refugee","Tom Petty and the Heartbreakers",67,116,"album rock, classic rock, hard rock, heartland rock, mellow gold, rock, singer-songwriter, soft rock","Rock, Folk/Acoustic","Damn The Torpedoes (Deluxe Edition)",1979-10-19,03:21,58,71,3,0,76,0,0,-5,F#/G♭ Minor,4,2024-04-29,4mcZYzoGwPRDdhWVlygiHf,"Geffen",11A,,https://i.scdn.co/image/ab67616d00004851ebca7d93f21ba366fe005966
201,"Rikki Don't Lose That Number","Steely Dan",67,116,"album rock, classic rock, country rock, folk rock, mellow gold, rock, soft rock, yacht rock","Rock","Pretzel Logic",1974-02-20,04:32,64,41,82,0,58,0,10,-15,D Major,4,2024-04-29,0xLrMI4R2xTwRHWV3UQCAZ,"Geffen",10B,,https://i.scdn.co/image/ab67616d00004851120746a40f65d11c2ac29647
202,"Scuttle Buttin'","Stevie Ray Vaughan",56,80,"album rock, blues, blues rock, classic rock, electric blues, hard rock, heartland rock, instrumental rock, rock, texas blues","Rock, Blues","Couldn't Stand The Weather (Legacy Edition)",1984-00-00,01:51,34,73,0,73,86,0,0,-11,G#/A♭ Major,4,2024-04-29,18PhtDBBYxE0vN4YvsZnMy,"Epic/Legacy",4B,https://p.scdn.co/mp3-preview/e8bbe5939d5a6471b9953dc486de4cde7ddad452?cid=0dd13485836e45ac9134860ee53d835f,https://i.scdn.co/image/ab67616d00004851eb72e98b6e645a68cdfe72a4
203,"Going Down","Freddie King",58,168,"blues, blues rock, electric blues, texas blues, traditional blues","Blues, Rock","Getting Ready... (World)",1971-00-00,03:24,56,53,3,0,64,0,10,-11,C Major,4,2024-04-29,2wnjZXcAT3rCjjqxLeHjv7,"EMI Music Special Markets",8B,,https://i.scdn.co/image/ab67616d00004851be4c277f6b8f6bedf7135496
204,"Tombstone Shadow","Creedence Clearwater Revival",53,110,"album rock, classic rock, country rock, rock, southern rock, swamp rock","Rock","Green River (Expanded Edition)",1969-08-03,03:38,62,70,4,5,97,0,0,-7,C Major,4,2024-04-29,0dDX6W09aqXumqrKYPuSLd,"Craft Recordings",8B,,https://i.scdn.co/image/ab67616d000048513efcd243aaa5638f55318f91
205,"Call Me The Breeze","J.J. Cale",61,92,"blues, blues rock, folk rock, roots rock, singer-songwriter","Blues, Rock, Folk/Acoustic","Naturally",1972-00-00,02:36,81,42,75,1,84,0,10,-15,B Major,4,2024-04-29,5AQpbyFoQmkOVwmlhKN4ii,"Universal International Music B.V.",1B,,https://i.scdn.co/image/ab67616d0000485136f87f70bd74db7f54652179
206,"Show Me The Way","Peter Frampton",67,130,"album rock, british blues, classic rock, country rock, folk rock, hard rock, heartland rock, mellow gold, progressive rock, rock, singer-songwriter, soft rock, southern rock","Rock, Blues, Folk/Acoustic","Frampton",1975-01-01,04:03,70,73,43,0,64,0,10,-8,D Major,4,2024-04-29,6BD1X1PeV5UzYUdiVaD2yL,"A&M",10B,,https://i.scdn.co/image/ab67616d000048512aadbe54b2c387d44f49834d
207,"Tell Me","Stevie Ray Vaughan",40,128,"album rock, blues, blues rock, classic rock, electric blues, hard rock, heartland rock, instrumental rock, rock, texas blues","Rock, Blues","Texas Flood (Legacy Edition)",1983-00-00,02:47,63,68,21,4,96,0,10,-11,C♯/D♭ Minor,4,2024-04-29,5c4m2ddmFaGhOnqZqvvnic,"Epic/Legacy",12A,https://p.scdn.co/mp3-preview/d43fc8c4b731ab5d194b75a94ba8907a39cba7ad?cid=0dd13485836e45ac9134860ee53d835f,https://i.scdn.co/image/ab67616d00004851f7143c00741b94bb62025340
208,"I Know A Little","Lynyrd Skynyrd",60,196,"album rock, classic rock, hard rock, rock, southern rock","Rock","Street Survivors",1977-10-17,03:27,38,57,8,0,78,0,10,-12,D Major,4,2024-04-29,2vLhb34HqnPwNCKx0atimx,"Geffen",10B,,https://i.scdn.co/image/ab67616d000048510cc544fe12e6bb1febec85fb
209,"Southbound Again","Dire Straits",45,106,"album rock, classic rock, mellow gold, rock","Rock","Dire Straits",1978-10-07,02:59,81,56,65,44,89,0,0,-12,G Major,4,2024-04-29,6MzKPuwhG9cFVRkKQ7RrtH,"Warner Records",9B,https://p.scdn.co/mp3-preview/3fbccfb2eed6d8871adf8e4565906fed30fc7c9b?cid=0dd13485836e45ac9134860ee53d835f,https://i.scdn.co/image/ab67616d0000485105b07080bdc2dd0e2cf6f008
210,"Travelin' Band","Creedence Clearwater Revival",68,166,"album rock, classic rock, country rock, rock, southern rock, swamp rock","Rock","Cosmo's Factory",1970-07-24,02:08,51,96,1,5,96,0,20,-4,F#/G♭ Major,4,2024-04-29,61gWgIkR2YtkIet9XjUc7X,"Craft Recordings.",2B,,https://i.scdn.co/image/ab67616d000048516e186edfb8fe3710fdc1f7c2
211,"Crazy Mama","J.J. Cale",60,96,"blues, blues rock, folk rock, roots rock, singer-songwriter","Blues, Rock, Folk/Acoustic","Naturally",1972-00-00,02:22,83,8,70,21,49,0,0,-19,B Major,4,2024-04-29,7FgjfoVQ6Wn1Nm53N5Upn8,"Universal International Music B.V.",1B,,https://i.scdn.co/image/ab67616d0000485136f87f70bd74db7f54652179
212,"Empty Arms - 1984 Version","Stevie Ray Vaughan",36,148,"album rock, blues, blues rock, classic rock, electric blues, hard rock, heartland rock, instrumental rock, rock, texas blues","Rock, Blues","Couldn't Stand The Weather (Legacy Edition)",1984-00-00,03:28,35,83,1,0,65,10,30,-9,C♯/D♭ Minor,4,2024-04-29,34FPWRgUUy52vD6TXimqx7,"Epic/Legacy",12A,https://p.scdn.co/mp3-preview/631035caabfcfe32c5db7c61e4dfdd6d99640adb?cid=0dd13485836e45ac9134860ee53d835f,https://i.scdn.co/image/ab67616d00004851eb72e98b6e645a68cdfe72a4
213,"Reelin' In The Years","Steely Dan",73,135,"album rock, classic rock, country rock, folk rock, mellow gold, rock, soft rock, yacht rock","Rock","Can't Buy A Thrill",1972-11-01,04:37,49,54,15,0,72,0,0,-17,D Major,4,2024-04-29,1x1XQqhBViz4opcpwc7FVs,"Geffen",10B,,https://i.scdn.co/image/ab67616d000048510ddd7e736f870994f4707947
214,"Alchemy","Philip Sayce",51,115,"modern blues, modern blues rock","Blues, Rock","Peace Machine",2012-09-27,05:06,55,55,3,72,14,0,10,-6,D#/E♭ Minor,3,2024-04-29,3WfjYZbJiVpdjPdeduMLFX,"Philip Sayce",2A,https://p.scdn.co/mp3-preview/bb8265f1cd6128011e431a7715018f68a12be80e?cid=0dd13485836e45ac9134860ee53d835f,https://i.scdn.co/image/ab67616d0000485173187753fc3117e1455eda1a
215,"My Babe","Little Walter",59,158,"blues, chicago blues, harmonica blues, louisiana blues, traditional blues","Blues","The Essential Little Walter",1993-06-08,02:42,68,33,86,0,87,0,30,-11,F Major,4,2024-04-29,4KMXlzvtC8xjLseDqDjpeU,"Geffen",7B,,https://i.scdn.co/image/ab67616d0000485120f3de1822791b066e563a2d
216,"I Heard It Through The Grapevine - Edit","Creedence Clearwater Revival",54,118,"album rock, classic rock, country rock, rock, southern rock, swamp rock","Rock","Classic Covers",2019-12-13,03:53,92,63,11,0,75,0,0,-8,D Major,4,2024-04-29,2tpPgG8Xkdbhn5xf77EVPP,"UME - Global Clearing House",10B,,https://i.scdn.co/image/ab67616d00004851b4ab496115d34461ecce69fd
217,"Love Struck Baby","Stevie Ray Vaughan",54,172,"album rock, blues, blues rock, classic rock, electric blues, hard rock, heartland rock, instrumental rock, rock, texas blues","Rock, Blues","Texas Flood (Legacy Edition)",1983-00-00,02:21,55,87,28,5,97,0,10,-10,G#/A♭ Major,4,2024-04-29,5MVMARaMoclifNmBtPu0dD,"Epic/Legacy",4B,https://p.scdn.co/mp3-preview/cf9fba68eb94cf8e4a1a3e749936d6443c8645c1?cid=0dd13485836e45ac9134860ee53d835f,https://i.scdn.co/image/ab67616d00004851f7143c00741b94bb62025340
218,"After Midnight","J.J. Cale",65,96,"blues, blues rock, folk rock, roots rock, singer-songwriter","Blues, Rock, Folk/Acoustic","Naturally",1972-00-00,02:23,69,31,17,7,52,0,0,-19,D Major,4,2024-04-29,1PC5GV3OaoXx5em8ttQOMI,"Universal International Music B.V.",10B,,https://i.scdn.co/image/ab67616d0000485136f87f70bd74db7f54652179
219,"Mr. Soul","Buffalo Springfield",58,134,"album rock, blues rock, classic rock, country rock, folk, folk rock, heartland rock, mellow gold, psychedelic rock, rock, soft rock, southern rock","Rock, Folk/Acoustic","Buffalo Springfield Again",1967-10-30,02:52,67,71,11,0,96,0,10,-9,A Major,4,2024-04-29,042v1NacbKJzCyi6nBme7T,"Atlantic Records",11B,https://p.scdn.co/mp3-preview/a78d5d4954fd9a7e6a0e74483545fce8e7229057?cid=0dd13485836e45ac9134860ee53d835f,https://i.scdn.co/image/ab67616d0000485108332e0b0aba8467f891d76f
220,"Take Out Some Insurance","Jimmy Reed",52,111,"blues, chicago blues, harmonica blues, traditional blues","Blues","Rockin' With Reed",1959-01-01,02:23,75,29,66,0,57,0,10,-14,A Major,4,2024-04-29,2TKykeHeVKsBqZC8M3SKcN,"Vee-Jay Records",11B,,https://i.scdn.co/image/ab67616d000048519b757333db6ca9bfa06e9547
221,"Killing Floor","Howlin' Wolf",50,119,"acoustic blues, blues, chicago blues, delta blues, harmonica blues, memphis blues, traditional blues","Blues","The Real Folk Blues",1966-01-11,02:52,72,62,38,0,64,0,30,-10,A Major,4,2024-04-29,1a8vVeidOsauNu6rQmHBRS,"Geffen",11B,,https://i.scdn.co/image/ab67616d00004851b35e834af126be64d5be7f07
222,"Feelin' Blue","Creedence Clearwater Revival",49,102,"album rock, classic rock, country rock, rock, southern rock, swamp rock","Rock","Willy And The Poor Boys (Expanded Edition)",1969-11-02,05:06,78,49,44,1,86,0,20,-9,G Major,4,2024-04-29,4YDIm7KU50tf4lXVC4EBzc,"Craft Recordings",9B,,https://i.scdn.co/image/ab67616d000048519f39192f9f8ca1c90847b3e5
223,"Testify","Stevie Ray Vaughan",40,103,"album rock, blues, blues rock, classic rock, electric blues, hard rock, heartland rock, instrumental rock, rock, texas blues","Rock, Blues","Texas Flood (Legacy Edition)",1983-00-00,03:21,42,83,1,74,90,0,30,-13,C♯/D♭ Major,4,2024-04-29,74OpRjJrrCDj1IpvnYml0T,"Epic/Legacy",3B,https://p.scdn.co/mp3-preview/e2340739e667f83ff3f43da99de01295e46363f5?cid=0dd13485836e45ac9134860ee53d835f,https://i.scdn.co/image/ab67616d00004851f7143c00741b94bb62025340
224,"Some Kind Of Wonderful - Remastered 1999","Grand Funk Railroad",69,121,"album rock, blues rock, classic rock, country rock, hard rock, heartland rock, mellow gold, rock, singer-songwriter, soft rock","Rock, Folk/Acoustic","30 Years Of Funk: 1969-1999 The Anthology",1999-01-01,03:22,86,69,14,0,65,0,30,-7,D Major,4,2024-04-29,1cU34sZG9kF4FYHCoAD0Ib,"Capitol Records",10B,,https://i.scdn.co/image/ab67616d00004851c99253f179319936c4109ae9
225,"One of These Nights - 2013 Remaster","Eagles",73,110,"album rock, classic rock, heartland rock, mellow gold, rock, soft rock, yacht rock","Rock","One of These Nights (2013 Remaster)",1975-06-10,04:51,66,61,6,8,77,0,0,-10,G Major,4,2024-04-29,608xszaAxVh4m7NcKJiAbF,"Rhino/Elektra",9B,https://p.scdn.co/mp3-preview/076bad35fd16728e29c5f0a33a7363745c775345?cid=0dd13485836e45ac9134860ee53d835f,https://i.scdn.co/image/ab67616d000048515d0a8e54aba5181c79593b94
226,"I Got The Same Old Blues","J.J. Cale",47,91,"blues, blues rock, folk rock, roots rock, singer-songwriter","Blues, Rock, Folk/Acoustic","Okie",1974-04-30,02:59,85,42,35,39,95,0,0,-13,E Minor,4,2024-04-29,2BTMbIArFNAgxmT1t3RmKm,"Universal International Music B.V.",9A,,https://i.scdn.co/image/ab67616d0000485164ce417349958ed70dae8572
227,"Miami Strut","A.C. Reed",35,108,"chicago blues, soul blues","Blues","I'm In The Wrong Business",1987-07-01,02:57,55,88,11,14,86,0,10,-9,G Major,4,2024-04-29,4aOvQiypg5icPO2CLIHkcP,"Alligator Records",9B,https://p.scdn.co/mp3-preview/fbae7a4f1ce64c942de0edffb7b526445cd6479e?cid=0dd13485836e45ac9134860ee53d835f,https://i.scdn.co/image/ab67616d00004851f3b3893d52b0bbce953b9590
228,"Good Golly Miss Molly","Creedence Clearwater Revival",58,75,"album rock, classic rock, country rock, rock, southern rock, swamp rock","Rock","Bayou Country (Expanded Edition)",1969-01-05,02:41,57,77,18,1,97,0,10,-8,A#/B♭ Minor,4,2024-04-29,6Ip2Ia3DPgc9PJ6hcQW6Xa,"Craft Recordings",3A,,https://i.scdn.co/image/ab67616d000048511afccd261170f1d8f3cadb3d
229,"Wham","Stevie Ray Vaughan",34,100,"album rock, blues, blues rock, classic rock, electric blues, hard rock, heartland rock, instrumental rock, rock, texas blues","Rock, Blues","Couldn't Stand The Weather (Legacy Edition)",1984-00-00,02:24,28,93,0,94,73,0,10,-10,C♯/D♭ Major,4,2024-04-29,49iIPiiQb6MALjzlIy6k33,"Epic/Legacy",3B,https://p.scdn.co/mp3-preview/50b0de46c8b7417911dcfac71c7c562c1a2d42e4?cid=0dd13485836e45ac9134860ee53d835f,https://i.scdn.co/image/ab67616d00004851eb72e98b6e645a68cdfe72a4
230,"Peace Frog","The Doors",66,113,"acid rock, album rock, classic rock, hard rock, psychedelic rock, rock","Rock","Morrison Hotel",1970-02-09,02:50,64,73,16,0,81,0,60,-7,G Major,4,2024-04-29,5piJiL6aRhvrKBa9YuEfS9,"Rhino/Elektra",9B,https://p.scdn.co/mp3-preview/0062be43a7db86f2caed4faebd554908a728a70f?cid=0dd13485836e45ac9134860ee53d835f,https://i.scdn.co/image/ab67616d00004851f12a8a7e0b2cbe16d2bef4dc
231,"Life's Been Good","Joe Walsh",66,99,"album rock, blues rock, classic rock, country rock, folk rock, hard rock, heartland rock, mellow gold, rock, singer-songwriter, soft rock, southern rock","Rock, Folk/Acoustic","But Seriously, Folks...",1978-06-01,08:56,51,48,25,1,54,0,10,-13,D Major,4,2024-04-29,2wvMC5EyaaYQwBfiwwY2xE,"Rhino/Elektra",10B,https://p.scdn.co/mp3-preview/4220b4db522c301195461f9aaaa099ca0a4536b5?cid=0dd13485836e45ac9134860ee53d835f,https://i.scdn.co/image/ab67616d00004851d6627cd5a3fb6403c70471be
232,"Lies","J.J. Cale",44,87,"blues, blues rock, folk rock, roots rock, singer-songwriter","Blues, Rock, Folk/Acoustic","Really",1973-00-00,02:56,76,34,46,74,75,0,0,-16,F Minor,4,2024-04-29,2XZS4h3PQXM6ZDP71lp7aY,"Universal International Music B.V.",4A,,https://i.scdn.co/image/ab67616d0000485107a5e439dfc0bdceed6c9479
233,"Camp Washington Chili","Lonnie Mack",36,137,"blues, electric blues, modern blues, texas blues","Blues","Second Sight",1986-07-01,02:26,39,79,0,87,83,0,20,-10,F Major,1,2024-04-29,7cR8LqIIxHpwToOPIgJS0a,"Alligator Records",7B,https://p.scdn.co/mp3-preview/90beef0198e9fd53584ecebc45a0683aaae98bd4?cid=0dd13485836e45ac9134860ee53d835f,https://i.scdn.co/image/ab67616d000048512dad405b6b1a91f0d974dd0c
234,"Green River","Creedence Clearwater Revival",76,142,"album rock, classic rock, country rock, rock, southern rock, swamp rock","Rock","Green River (Expanded Edition)",1969-08-03,02:34,70,77,3,1,97,0,0,-10,A Major,4,2024-04-29,11DjZQEZ69EXLo77HVj6yW,"Craft Recordings",11B,,https://i.scdn.co/image/ab67616d000048513efcd243aaa5638f55318f91
235,"Honey Bee","Stevie Ray Vaughan",46,124,"album rock, blues, blues rock, classic rock, electric blues, hard rock, heartland rock, instrumental rock, rock, texas blues","Rock, Blues","Couldn't Stand The Weather (Legacy Edition)",1984-00-00,02:43,49,60,0,5,73,0,20,-11,C♯/D♭ Major,4,2024-04-29,0W4EvXCjLH6OQjtDVzdPWg,"Epic/Legacy",3B,https://p.scdn.co/mp3-preview/c2f86e357112468d5e357d8787d308b9dffff3d0?cid=0dd13485836e45ac9134860ee53d835f,https://i.scdn.co/image/ab67616d00004851eb72e98b6e645a68cdfe72a4
236,"Somebody Loan Me A Dime - Remastered","Fenton Robinson",57,118,"blues, electric blues, louisiana blues, swamp blues, traditional blues","Blues","Somebody Loan Me A Dime (Remastered)",1974-09-01,02:56,56,78,64,0,78,10,30,-3,D#/E♭ Major,3,2024-04-29,3CBV8LLmD6YACpUR6P85Di,"Alligator Records",5B,https://p.scdn.co/mp3-preview/48a4b6003e1ee3f212d2d08aa83111365e1618b1?cid=0dd13485836e45ac9134860ee53d835f,https://i.scdn.co/image/ab67616d00004851b46697654c47720bf3424322
237,"Can't You See","The Marshall Tucker Band",68,164,"album rock, classic rock, country rock, mellow gold, singer-songwriter, soft rock, southern rock","Rock, Folk/Acoustic","The Marshall Tucker Band",1973-00-00,06:05,41,71,28,0,58,0,10,-5,G Major,4,2024-04-29,4fUU9WKxEgJXyrZJsUA2iP,"Ramblin' Records",9B,https://p.scdn.co/mp3-preview/b8b74bd3c682391cbc613a9723da34eb386d469e?cid=0dd13485836e45ac9134860ee53d835f,https://i.scdn.co/image/ab67616d00004851bb05d6a2671766e6e633a131
238,"Baby, Please Don't Go (feat. Van Morrison)","Them,Van Morrison",55,106,"british blues, british invasion, protopunk, classic rock, folk, folk rock, heartland rock, mellow gold, rock, singer-songwriter, soft rock","Blues, Rock, Folk/Acoustic","Complete Them (1964-1967) (feat. Van Morrison)",2015-12-04,02:42,72,71,51,0,78,0,10,-7,F Major,4,2024-04-29,5WUgOOaTk00PnksDekcgcg,"Legacy Recordings",7B,https://p.scdn.co/mp3-preview/a60392d65c99453703f72230a0a079ecba7d6781?cid=0dd13485836e45ac9134860ee53d835f,https://i.scdn.co/image/ab67616d00004851533db4f9b9c1155c371339a5
239,"The Seeker - Original Single A-Side Mix","The Who",61,180,"album rock, british invasion, classic rock, hard rock, rock","Rock","Who’s Next : Life House (Super Deluxe)",2023-09-15,03:12,31,74,2,0,70,0,10,-8,D Major,4,2024-04-29,788cNfvhhitTb5T8GORmqj,"UMC (Universal Music Catalogue)",10B,,https://i.scdn.co/image/ab67616d00004851b738367ec6cdbd3e29d7efdf
240,"Midnight Special","Creedence Clearwater Revival",67,124,"album rock, classic rock, country rock, rock, southern rock, swamp rock","Rock","Willy And The Poor Boys (Expanded Edition)",1969-11-02,04:13,76,46,66,0,67,10,10,-9,D Major,4,2024-04-29,5jRQvcl66ovRTjUwzXziZA,"Craft Recordings",10B,,https://i.scdn.co/image/ab67616d000048519f39192f9f8ca1c90847b3e5
241,"Life by the Drop","Stevie Ray Vaughan",56,96,"album rock, blues, blues rock, classic rock, electric blues, hard rock, heartland rock, instrumental rock, rock, texas blues","Rock, Blues","Archives",1985-00-00,02:27,66,16,77,0,47,0,0,-12,F#/G♭ Minor,4,2024-04-29,1cyftogE58xHzSgb77zcsn,"Epic/Legacy",11A,https://p.scdn.co/mp3-preview/4dbdc391478551b34e610d871594a1cc46ce30f8?cid=0dd13485836e45ac9134860ee53d835f,https://i.scdn.co/image/ab67616d00004851ad6d4102a51c787d5cd3266d
242,"Ramblin' Gamblin' Man","Bob Seger",62,131,"album rock, classic rock, country rock, detroit rock, hard rock, heartland rock, mellow gold, rock, singer-songwriter, soft rock","Rock, Folk/Acoustic","Ramblin' Gamblin' Man",1969-04-01,02:25,60,84,2,0,90,0,0,-4,A Major,4,2024-04-29,691Wr3tOjDqic3OTPLouX3,"Capitol Records",11B,,https://i.scdn.co/image/ab67616d000048519d960ec4fee92160122b8189
243,"American Woman - 7" Single Version","The Guess Who",52,93,"album rock, classic canadian rock, classic rock, country rock, folk rock, hard rock, heartland rock, mellow gold, rock, singer-songwriter, soft rock","Rock, Folk/Acoustic","American Woman (Expanded Edition)",1970-01-01,03:51,54,84,4,0,88,0,30,-8,A Major,4,2024-04-29,0emHuukZSuaOzOlsAWHj2W,"RCA/Legacy",11B,https://p.scdn.co/mp3-preview/83105a8b13fe4110a50a534790ca409e0cbc6ce8?cid=0dd13485836e45ac9134860ee53d835f,https://i.scdn.co/image/ab67616d00004851d75b73c14d050fbce3d85790
244,"I'd Love to Change the World - 2004 Remaster","Ten Years After",68,118,"blues rock, british blues, classic rock, progressive rock, psychedelic rock","Rock, Blues","A Space in Time (Deluxe Version)",1971-08,03:44,38,52,20,19,37,0,10,-12,A Minor,4,2024-04-29,7n3WO6ESKS1uCI9fgkGs66,"Chrysalis Records",8A,https://p.scdn.co/mp3-preview/ba3952835d48993c3fd39849b3efbe38b903a1cd?cid=0dd13485836e45ac9134860ee53d835f,https://i.scdn.co/image/ab67616d000048514aa7956a8d5742ac762699b2
245,"Six Blade Knife","Dire Straits",50,117,"album rock, classic rock, mellow gold, rock","Rock","Dire Straits",1978-10-07,04:13,88,43,8,40,87,0,0,-13,A Minor,4,2024-04-29,7f8mgCngOGhoRNAmhN6GIo,"Warner Records",8A,https://p.scdn.co/mp3-preview/7637f3e7931190c9b9b268856d89c2056aa4568b?cid=0dd13485836e45ac9134860ee53d835f,https://i.scdn.co/image/ab67616d0000485105b07080bdc2dd0e2cf6f008
246,"Before You Accuse Me (Take A Look At Yourself)","Creedence Clearwater Revival",52,120,"album rock, classic rock, country rock, rock, southern rock, swamp rock","Rock","Cosmo's Factory",1970-07-24,03:27,78,71,20,13,94,0,30,-9,E Major,4,2024-04-29,0XdmB84JfiqDXofFXJAnxU,"Craft Recordings.",12B,,https://i.scdn.co/image/ab67616d000048516e186edfb8fe3710fdc1f7c2